"match_id","radiant_win","order","pick","hero_id","query_date"
"5453970981","1","1","1","43","2020/04/01"
"5453970981","1","2","1","53","2020/04/01"
"5453970981","1","3","1","7","2020/04/01"
"5453970981","1","4","1","112","2020/04/01"
"5453970981","1","5","1","68","2020/04/01"
"5453970981","1","6","1","56","2020/04/01"
"5453970981","1","7","1","74","2020/04/01"
"5453970981","1","8","1","67","2020/04/01"
"5453970981","1","9","1","126","2020/04/01"
"5453970981","1","10","1","73","2020/04/01"
"5453918445","1","1","1","39","2020/04/01"
"5453918445","1","2","1","121","2020/04/01"
"5453918445","1","3","1","49","2020/04/01"
"5453918445","1","4","1","51","2020/04/01"
"5453918445","1","5","1","87","2020/04/01"
"5453918445","1","6","1","92","2020/04/01"
"5453918445","1","7","1","126","2020/04/01"
"5453918445","1","8","1","67","2020/04/01"
"5453918445","1","9","1","23","2020/04/01"
"5453918445","1","10","1","1","2020/04/01"
"5452764046","1","1","1","79","2020/04/01"
"5452764046","1","2","1","86","2020/04/01"
"5452764046","1","3","1","30","2020/04/01"
"5452764046","1","4","1","51","2020/04/01"
"5452764046","1","5","1","32","2020/04/01"
"5452764046","1","6","1","23","2020/04/01"
"5452764046","1","7","1","120","2020/04/01"
"5452764046","1","8","1","4","2020/04/01"
"5452764046","1","9","1","9","2020/04/01"
"5452764046","1","10","1","46","2020/04/01"
"5452755580","0","1","1","49","2020/04/01"
"5452755580","0","2","1","101","2020/04/01"
"5452755580","0","3","1","96","2020/04/01"
"5452755580","0","4","1","83","2020/04/01"
"5452755580","0","5","1","64","2020/04/01"
"5452755580","0","6","1","86","2020/04/01"
"5452755580","0","7","1","93","2020/04/01"
"5452755580","0","8","1","38","2020/04/01"
"5452755580","0","9","1","77","2020/04/01"
"5452755580","0","10","1","22","2020/04/01"
"5452748927","0","1","1","12","2020/04/01"
"5452748927","0","2","1","84","2020/04/01"
"5452748927","0","3","1","100","2020/04/01"
"5452748927","0","4","1","5","2020/04/01"
"5452748927","0","5","1","21","2020/04/01"
"5452748927","0","6","1","86","2020/04/01"
"5452748927","0","7","1","74","2020/04/01"
"5452748927","0","8","1","62","2020/04/01"
"5452748927","0","9","1","50","2020/04/01"
"5452748927","0","10","1","95","2020/04/01"
"5452733185","1","1","1","66","2020/04/01"
"5452733185","1","2","1","51","2020/04/01"
"5452733185","1","3","1","56","2020/04/01"
"5452733185","1","4","1","126","2020/04/01"
"5452733185","1","5","1","3","2020/04/01"
"5452733185","1","6","1","86","2020/04/01"
"5452733185","1","7","1","114","2020/04/01"
"5452733185","1","8","1","109","2020/04/01"
"5452733185","1","9","1","29","2020/04/01"
"5452733185","1","10","1","97","2020/04/01"
"5452707324","0","1","1","120","2020/04/01"
"5452707324","0","2","1","86","2020/04/01"
"5452707324","0","3","1","102","2020/04/01"
"5452707324","0","4","1","50","2020/04/01"
"5452707324","0","5","1","2","2020/04/01"
"5452707324","0","6","1","66","2020/04/01"
"5452707324","0","7","1","6","2020/04/01"
"5452707324","0","8","1","70","2020/04/01"
"5452707324","0","9","1","40","2020/04/01"
"5452707324","0","10","1","47","2020/04/01"
"5452695173","0","1","1","106","2020/04/01"
"5452695173","0","2","1","66","2020/04/01"
"5452695173","0","3","1","48","2020/04/01"
"5452695173","0","4","1","7","2020/04/01"
"5452695173","0","5","1","51","2020/04/01"
"5452695173","0","6","1","108","2020/04/01"
"5452695173","0","7","1","114","2020/04/01"
"5452695173","0","8","1","39","2020/04/01"
"5452695173","0","9","1","90","2020/04/01"
"5452695173","0","10","1","74","2020/04/01"
"5452644055","1","1","1","58","2020/04/01"
"5452644055","1","2","1","7","2020/04/01"
"5452644055","1","3","1","30","2020/04/01"
"5452644055","1","4","1","53","2020/04/01"
"5452644055","1","5","1","49","2020/04/01"
"5452644055","1","6","1","19","2020/04/01"
"5452644055","1","7","1","95","2020/04/01"
"5452644055","1","8","1","80","2020/04/01"
"5452644055","1","9","1","129","2020/04/01"
"5452644055","1","10","1","9","2020/04/01"
"5452598049","1","1","1","126","2020/04/01"
"5452598049","1","2","1","121","2020/04/01"
"5452598049","1","3","1","120","2020/04/01"
"5452598049","1","4","1","86","2020/04/01"
"5452598049","1","5","1","99","2020/04/01"
"5452598049","1","6","1","110","2020/04/01"
"5452598049","1","7","1","128","2020/04/01"
"5452598049","1","8","1","72","2020/04/01"
"5452598049","1","9","1","2","2020/04/01"
"5452598049","1","10","1","54","2020/04/01"
"5452561441","0","1","1","106","2020/04/01"
"5452561441","0","2","1","79","2020/04/01"
"5452561441","0","3","1","36","2020/04/01"
"5452561441","0","4","1","111","2020/04/01"
"5452561441","0","5","1","38","2020/04/01"
"5452561441","0","6","1","53","2020/04/01"
"5452561441","0","7","1","126","2020/04/01"
"5452561441","0","8","1","99","2020/04/01"
"5452561441","0","9","1","120","2020/04/01"
"5452561441","0","10","1","98","2020/04/01"
"5452517913","1","1","1","58","2020/04/01"
"5452517913","1","2","1","106","2020/04/01"
"5452517913","1","3","1","112","2020/04/01"
"5452517913","1","4","1","17","2020/04/01"
"5452517913","1","5","1","32","2020/04/01"
"5452517913","1","6","1","79","2020/04/01"
"5452517913","1","7","1","107","2020/04/01"
"5452517913","1","8","1","28","2020/04/01"
"5452517913","1","9","1","53","2020/04/01"
"5452517913","1","10","1","120","2020/04/01"
"5452438801","1","1","1","58","2020/04/01"
"5452438801","1","2","1","7","2020/04/01"
"5452438801","1","3","1","43","2020/04/01"
"5452438801","1","4","1","107","2020/04/01"
"5452438801","1","5","1","3","2020/04/01"
"5452438801","1","6","1","74","2020/04/01"
"5452438801","1","7","1","96","2020/04/01"
"5452438801","1","8","1","77","2020/04/01"
"5452438801","1","9","1","114","2020/04/01"
"5452438801","1","10","1","12","2020/04/01"
"5452379337","0","1","1","58","2020/04/01"
"5452379337","0","2","1","43","2020/04/01"
"5452379337","0","3","1","3","2020/04/01"
"5452379337","0","4","1","107","2020/04/01"
"5452379337","0","5","1","110","2020/04/01"
"5452379337","0","6","1","74","2020/04/01"
"5452379337","0","7","1","2","2020/04/01"
"5452379337","0","8","1","38","2020/04/01"
"5452379337","0","9","1","73","2020/04/01"
"5452379337","0","10","1","10","2020/04/01"
"5452166452","1","1","1","39","2020/04/01"
"5452166452","1","2","1","3","2020/04/01"
"5452166452","1","3","1","106","2020/04/01"
"5452166452","1","4","1","79","2020/04/01"
"5452166452","1","5","1","38","2020/04/01"
"5452166452","1","6","1","66","2020/04/01"
"5452166452","1","7","1","33","2020/04/01"
"5452166452","1","8","1","23","2020/04/01"
"5452166452","1","9","1","42","2020/04/01"
"5452166452","1","10","1","44","2020/04/01"
"5452093536","0","1","1","58","2020/04/01"
"5452093536","0","2","1","106","2020/04/01"
"5452093536","0","3","1","121","2020/04/01"
"5452093536","0","4","1","49","2020/04/01"
"5452093536","0","5","1","119","2020/04/01"
"5452093536","0","6","1","88","2020/04/01"
"5452093536","0","7","1","98","2020/04/01"
"5452093536","0","8","1","40","2020/04/01"
"5452093536","0","9","1","1","2020/04/01"
"5452093536","0","10","1","81","2020/04/01"
"5452063088","0","1","1","30","2020/04/01"
"5452063088","0","2","1","58","2020/04/01"
"5452063088","0","3","1","107","2020/04/01"
"5452063088","0","4","1","7","2020/04/01"
"5452063088","0","5","1","72","2020/04/01"
"5452063088","0","6","1","49","2020/04/01"
"5452063088","0","7","1","23","2020/04/01"
"5452063088","0","8","1","70","2020/04/01"
"5452063088","0","9","1","129","2020/04/01"
"5452063088","0","10","1","15","2020/04/01"
"5451986138","1","1","1","128","2020/04/01"
"5451986138","1","2","1","39","2020/04/01"
"5451986138","1","3","1","7","2020/04/01"
"5451986138","1","4","1","86","2020/04/01"
"5451986138","1","5","1","111","2020/04/01"
"5451986138","1","6","1","32","2020/04/01"
"5451986138","1","7","1","60","2020/04/01"
"5451986138","1","8","1","98","2020/04/01"
"5451986138","1","9","1","53","2020/04/01"
"5451986138","1","10","1","95","2020/04/01"
"5451950420","0","1","1","58","2020/04/01"
"5451950420","0","2","1","49","2020/04/01"
"5451950420","0","3","1","121","2020/04/01"
"5451950420","0","4","1","30","2020/04/01"
"5451950420","0","5","1","53","2020/04/01"
"5451950420","0","6","1","129","2020/04/01"
"5451950420","0","7","1","106","2020/04/01"
"5451950420","0","8","1","95","2020/04/01"
"5451950420","0","9","1","43","2020/04/01"
"5451950420","0","10","1","10","2020/04/01"
"5451933022","0","1","1","58","2020/04/01"
"5451933022","0","2","1","79","2020/04/01"
"5451933022","0","3","1","126","2020/04/01"
"5451933022","0","4","1","107","2020/04/01"
"5451933022","0","5","1","106","2020/04/01"
"5451933022","0","6","1","72","2020/04/01"
"5451933022","0","7","1","90","2020/04/01"
"5451933022","0","8","1","98","2020/04/01"
"5451933022","0","9","1","49","2020/04/01"
"5451933022","0","10","1","70","2020/04/01"
"5451850484","1","1","1","51","2020/04/01"
"5451850484","1","2","1","121","2020/04/01"
"5451850484","1","3","1","38","2020/04/01"
"5451850484","1","4","1","58","2020/04/01"
"5451850484","1","5","1","9","2020/04/01"
"5451850484","1","6","1","104","2020/04/01"
"5451850484","1","7","1","32","2020/04/01"
"5451850484","1","8","1","95","2020/04/01"
"5451850484","1","9","1","46","2020/04/01"
"5451850484","1","10","1","43","2020/04/01"
"5451848396","0","1","1","49","2020/04/01"
"5451848396","0","2","1","80","2020/04/01"
"5451848396","0","3","1","58","2020/04/01"
"5451848396","0","4","1","64","2020/04/01"
"5451848396","0","5","1","26","2020/04/01"
"5451848396","0","6","1","100","2020/04/01"
"5451848396","0","7","1","102","2020/04/01"
"5451848396","0","8","1","43","2020/04/01"
"5451848396","0","9","1","32","2020/04/01"
"5451848396","0","10","1","10","2020/04/01"
"5451826435","1","1","1","27","2020/04/01"
"5451826435","1","2","1","64","2020/04/01"
"5451826435","1","3","1","38","2020/04/01"
"5451826435","1","4","1","46","2020/04/01"
"5451826435","1","5","1","47","2020/04/01"
"5451826435","1","6","1","84","2020/04/01"
"5451826435","1","7","1","42","2020/04/01"
"5451826435","1","8","1","104","2020/04/01"
"5451826435","1","9","1","6","2020/04/01"
"5451826435","1","10","1","101","2020/04/01"
"5451805274","0","1","1","110","2020/04/01"
"5451805274","0","2","1","128","2020/04/01"
"5451805274","0","3","1","65","2020/04/01"
"5451805274","0","4","1","63","2020/04/01"
"5451805274","0","5","1","84","2020/04/01"
"5451805274","0","6","1","83","2020/04/01"
"5451805274","0","7","1","48","2020/04/01"
"5451805274","0","8","1","104","2020/04/01"
"5451805274","0","9","1","22","2020/04/01"
"5451805274","0","10","1","14","2020/04/01"
"5451793488","1","1","1","58","2020/04/01"
"5451793488","1","2","1","119","2020/04/01"
"5451793488","1","3","1","23","2020/04/01"
"5451793488","1","4","1","38","2020/04/01"
"5451793488","1","5","1","106","2020/04/01"
"5451793488","1","6","1","110","2020/04/01"
"5451793488","1","7","1","7","2020/04/01"
"5451793488","1","8","1","47","2020/04/01"
"5451793488","1","9","1","49","2020/04/01"
"5451793488","1","10","1","15","2020/04/01"
"5451763580","0","1","1","52","2020/04/01"
"5451763580","0","2","1","84","2020/04/01"
"5451763580","0","3","1","110","2020/04/01"
"5451763580","0","4","1","100","2020/04/01"
"5451763580","0","5","1","8","2020/04/01"
"5451763580","0","6","1","53","2020/04/01"
"5451763580","0","7","1","104","2020/04/01"
"5451763580","0","8","1","88","2020/04/01"
"5451763580","0","9","1","95","2020/04/01"
"5451763580","0","10","1","19","2020/04/01"
"5451755273","0","1","1","110","2020/04/01"
"5451755273","0","2","1","39","2020/04/01"
"5451755273","0","3","1","88","2020/04/01"
"5451755273","0","4","1","38","2020/04/01"
"5451755273","0","5","1","23","2020/04/01"
"5451755273","0","6","1","3","2020/04/01"
"5451755273","0","7","1","64","2020/04/01"
"5451755273","0","8","1","36","2020/04/01"
"5451755273","0","9","1","70","2020/04/01"
"5451755273","0","10","1","25","2020/04/01"
"5451728370","0","1","1","121","2020/04/01"
"5451728370","0","2","1","96","2020/04/01"
"5451728370","0","3","1","86","2020/04/01"
"5451728370","0","4","1","129","2020/04/01"
"5451728370","0","5","1","48","2020/04/01"
"5451728370","0","6","1","107","2020/04/01"
"5451728370","0","7","1","79","2020/04/01"
"5451728370","0","8","1","42","2020/04/01"
"5451728370","0","9","1","25","2020/04/01"
"5451728370","0","10","1","46","2020/04/01"
"5451699100","1","1","1","7","2020/04/01"
"5451699100","1","2","1","110","2020/04/01"
"5451699100","1","3","1","78","2020/04/01"
"5451699100","1","4","1","63","2020/04/01"
"5451699100","1","5","1","86","2020/04/01"
"5451699100","1","6","1","39","2020/04/01"
"5451699100","1","7","1","46","2020/04/01"
"5451699100","1","8","1","93","2020/04/01"
"5451699100","1","9","1","69","2020/04/01"
"5451699100","1","10","1","32","2020/04/01"
"5451687250","1","1","1","86","2020/04/01"
"5451687250","1","2","1","53","2020/04/01"
"5451687250","1","3","1","58","2020/04/01"
"5451687250","1","4","1","120","2020/04/01"
"5451687250","1","5","1","7","2020/04/01"
"5451687250","1","6","1","85","2020/04/01"
"5451687250","1","7","1","67","2020/04/01"
"5451687250","1","8","1","12","2020/04/01"
"5451687250","1","9","1","17","2020/04/01"
"5451687250","1","10","1","13","2020/04/01"
"5451636441","0","1","1","107","2020/04/01"
"5451636441","0","2","1","81","2020/04/01"
"5451636441","0","3","1","68","2020/04/01"
"5451636441","0","4","1","13","2020/04/01"
"5451636441","0","5","1","26","2020/04/01"
"5451636441","0","6","1","64","2020/04/01"
"5451636441","0","7","1","99","2020/04/01"
"5451636441","0","8","1","70","2020/04/01"
"5451636441","0","9","1","23","2020/04/01"
"5451636441","0","10","1","40","2020/04/01"
"5451624988","0","1","1","7","2020/04/01"
"5451624988","0","2","1","58","2020/04/01"
"5451624988","0","3","1","51","2020/04/01"
"5451624988","0","4","1","3","2020/04/01"
"5451624988","0","5","1","114","2020/04/01"
"5451624988","0","6","1","50","2020/04/01"
"5451624988","0","7","1","96","2020/04/01"
"5451624988","0","8","1","70","2020/04/01"
"5451624988","0","9","1","17","2020/04/01"
"5451624988","0","10","1","47","2020/04/01"
"5451596027","0","1","1","126","2020/04/01"
"5451596027","0","2","1","39","2020/04/01"
"5451596027","0","3","1","87","2020/04/01"
"5451596027","0","4","1","13","2020/04/01"
"5451596027","0","5","1","19","2020/04/01"
"5451596027","0","6","1","110","2020/04/01"
"5451596027","0","7","1","2","2020/04/01"
"5451596027","0","8","1","109","2020/04/01"
"5451596027","0","9","1","102","2020/04/01"
"5451596027","0","10","1","49","2020/04/01"
"5451579520","0","1","1","121","2020/04/01"
"5451579520","0","2","1","31","2020/04/01"
"5451579520","0","3","1","39","2020/04/01"
"5451579520","0","4","1","7","2020/04/01"
"5451579520","0","5","1","86","2020/04/01"
"5451579520","0","6","1","53","2020/04/01"
"5451579520","0","7","1","96","2020/04/01"
"5451579520","0","8","1","32","2020/04/01"
"5451579520","0","9","1","49","2020/04/01"
"5451579520","0","10","1","109","2020/04/01"
"5451573159","1","1","1","86","2020/04/01"
"5451573159","1","2","1","120","2020/04/01"
"5451573159","1","3","1","27","2020/04/01"
"5451573159","1","4","1","29","2020/04/01"
"5451573159","1","5","1","49","2020/04/01"
"5451573159","1","6","1","64","2020/04/01"
"5451573159","1","7","1","93","2020/04/01"
"5451573159","1","8","1","70","2020/04/01"
"5451573159","1","9","1","8","2020/04/01"
"5451573159","1","10","1","48","2020/04/01"
"5451543576","0","1","1","129","2020/04/01"
"5451543576","0","2","1","100","2020/04/01"
"5451543576","0","3","1","87","2020/04/01"
"5451543576","0","4","1","20","2020/04/01"
"5451543576","0","5","1","43","2020/04/01"
"5451543576","0","6","1","63","2020/04/01"
"5451543576","0","7","1","51","2020/04/01"
"5451543576","0","8","1","77","2020/04/01"
"5451543576","0","9","1","13","2020/04/01"
"5451543576","0","10","1","89","2020/04/01"
"5451541735","0","1","1","39","2020/04/01"
"5451541735","0","2","1","38","2020/04/01"
"5451541735","0","3","1","66","2020/04/01"
"5451541735","0","4","1","112","2020/04/01"
"5451541735","0","5","1","120","2020/04/01"
"5451541735","0","6","1","86","2020/04/01"
"5451541735","0","7","1","46","2020/04/01"
"5451541735","0","8","1","43","2020/04/01"
"5451541735","0","9","1","10","2020/04/01"
"5451541735","0","10","1","6","2020/04/01"
"5451503234","1","1","1","5","2020/04/01"
"5451503234","1","2","1","126","2020/04/01"
"5451503234","1","3","1","64","2020/04/01"
"5451503234","1","4","1","69","2020/04/01"
"5451503234","1","5","1","9","2020/04/01"
"5451503234","1","6","1","40","2020/04/01"
"5451503234","1","7","1","49","2020/04/01"
"5451503234","1","8","1","17","2020/04/01"
"5451503234","1","9","1","41","2020/04/01"
"5451503234","1","10","1","42","2020/04/01"
"5451496610","1","1","1","106","2020/04/01"
"5451496610","1","2","1","121","2020/04/01"
"5451496610","1","3","1","38","2020/04/01"
"5451496610","1","4","1","31","2020/04/01"
"5451496610","1","5","1","44","2020/04/01"
"5451496610","1","6","1","2","2020/04/01"
"5451496610","1","7","1","63","2020/04/01"
"5451496610","1","8","1","119","2020/04/01"
"5451496610","1","9","1","109","2020/04/01"
"5451496610","1","10","1","76","2020/04/01"
"5451491787","0","1","1","21","2020/04/01"
"5451491787","0","2","1","83","2020/04/01"
"5451491787","0","3","1","38","2020/04/01"
"5451491787","0","4","1","48","2020/04/01"
"5451491787","0","5","1","26","2020/04/01"
"5451491787","0","6","1","126","2020/04/01"
"5451491787","0","7","1","1","2020/04/01"
"5451491787","0","8","1","14","2020/04/01"
"5451491787","0","9","1","11","2020/04/01"
"5451491787","0","10","1","74","2020/04/01"
"5451482354","1","1","1","128","2020/04/01"
"5451482354","1","2","1","79","2020/04/01"
"5451482354","1","3","1","109","2020/04/01"
"5451482354","1","4","1","106","2020/04/01"
"5451482354","1","5","1","25","2020/04/01"
"5451482354","1","6","1","52","2020/04/01"
"5451482354","1","7","1","38","2020/04/01"
"5451482354","1","8","1","69","2020/04/01"
"5451482354","1","9","1","126","2020/04/01"
"5451482354","1","10","1","56","2020/04/01"
"5451457658","1","1","1","86","2020/04/01"
"5451457658","1","2","1","39","2020/04/01"
"5451457658","1","3","1","79","2020/04/01"
"5451457658","1","4","1","53","2020/04/01"
"5451457658","1","5","1","85","2020/04/01"
"5451457658","1","6","1","84","2020/04/01"
"5451457658","1","7","1","49","2020/04/01"
"5451457658","1","8","1","93","2020/04/01"
"5451457658","1","9","1","96","2020/04/01"
"5451457658","1","10","1","12","2020/04/01"
"5451446319","0","1","1","53","2020/04/01"
"5451446319","0","2","1","86","2020/04/01"
"5451446319","0","3","1","16","2020/04/01"
"5451446319","0","4","1","31","2020/04/01"
"5451446319","0","5","1","121","2020/04/01"
"5451446319","0","6","1","107","2020/04/01"
"5451446319","0","7","1","67","2020/04/01"
"5451446319","0","8","1","38","2020/04/01"
"5451446319","0","9","1","10","2020/04/01"
"5451446319","0","10","1","82","2020/04/01"
"5451438042","1","1","1","64","2020/04/01"
"5451438042","1","2","1","38","2020/04/01"
"5451438042","1","3","1","121","2020/04/01"
"5451438042","1","4","1","32","2020/04/01"
"5451438042","1","5","1","128","2020/04/01"
"5451438042","1","6","1","88","2020/04/01"
"5451438042","1","7","1","99","2020/04/01"
"5451438042","1","8","1","11","2020/04/01"
"5451438042","1","9","1","56","2020/04/01"
"5451438042","1","10","1","23","2020/04/01"
"5451424115","0","1","1","3","2020/04/01"
"5451424115","0","2","1","53","2020/04/01"
"5451424115","0","3","1","100","2020/04/01"
"5451424115","0","4","1","43","2020/04/01"
"5451424115","0","5","1","68","2020/04/01"
"5451424115","0","6","1","71","2020/04/01"
"5451424115","0","7","1","83","2020/04/01"
"5451424115","0","8","1","126","2020/04/01"
"5451424115","0","9","1","109","2020/04/01"
"5451424115","0","10","1","19","2020/04/01"
"5451422445","0","1","1","87","2020/04/01"
"5451422445","0","2","1","84","2020/04/01"
"5451422445","0","3","1","6","2020/04/01"
"5451422445","0","4","1","106","2020/04/01"
"5451422445","0","5","1","23","2020/04/01"
"5451422445","0","6","1","129","2020/04/01"
"5451422445","0","7","1","38","2020/04/01"
"5451422445","0","8","1","15","2020/04/01"
"5451422445","0","9","1","119","2020/04/01"
"5451422445","0","10","1","101","2020/04/01"
"5451414285","0","1","1","128","2020/04/01"
"5451414285","0","2","1","106","2020/04/01"
"5451414285","0","3","1","90","2020/04/01"
"5451414285","0","4","1","50","2020/04/01"
"5451414285","0","5","1","86","2020/04/01"
"5451414285","0","6","1","19","2020/04/01"
"5451414285","0","7","1","129","2020/04/01"
"5451414285","0","8","1","8","2020/04/01"
"5451414285","0","9","1","39","2020/04/01"
"5451414285","0","10","1","46","2020/04/01"
"5451408425","0","1","1","106","2020/04/01"
"5451408425","0","2","1","111","2020/04/01"
"5451408425","0","3","1","49","2020/04/01"
"5451408425","0","4","1","31","2020/04/01"
"5451408425","0","5","1","7","2020/04/01"
"5451408425","0","6","1","86","2020/04/01"
"5451408425","0","7","1","39","2020/04/01"
"5451408425","0","8","1","1","2020/04/01"
"5451408425","0","9","1","29","2020/04/01"
"5451408425","0","10","1","70","2020/04/01"
"5451385936","1","1","1","106","2020/04/01"
"5451385936","1","2","1","111","2020/04/01"
"5451385936","1","3","1","99","2020/04/01"
"5451385936","1","4","1","80","2020/04/01"
"5451385936","1","5","1","107","2020/04/01"
"5451385936","1","6","1","90","2020/04/01"
"5451385936","1","7","1","36","2020/04/01"
"5451385936","1","8","1","79","2020/04/01"
"5451385936","1","9","1","129","2020/04/01"
"5451385936","1","10","1","10","2020/04/01"
"5451378894","0","1","1","38","2020/04/01"
"5451378894","0","2","1","111","2020/04/01"
"5451378894","0","3","1","7","2020/04/01"
"5451378894","0","4","1","107","2020/04/01"
"5451378894","0","5","1","2","2020/04/01"
"5451378894","0","6","1","11","2020/04/01"
"5451378894","0","7","1","74","2020/04/01"
"5451378894","0","8","1","14","2020/04/01"
"5451378894","0","9","1","114","2020/04/01"
"5451378894","0","10","1","8","2020/04/01"
"5451363846","0","1","1","58","2020/04/01"
"5451363846","0","2","1","111","2020/04/01"
"5451363846","0","3","1","120","2020/04/01"
"5451363846","0","4","1","7","2020/04/01"
"5451363846","0","5","1","53","2020/04/01"
"5451363846","0","6","1","38","2020/04/01"
"5451363846","0","7","1","45","2020/04/01"
"5451363846","0","8","1","23","2020/04/01"
"5451363846","0","9","1","63","2020/04/01"
"5451363846","0","10","1","19","2020/04/01"
"5451360800","1","1","1","84","2020/04/01"
"5451360800","1","2","1","96","2020/04/01"
"5451360800","1","3","1","86","2020/04/01"
"5451360800","1","4","1","95","2020/04/01"
"5451360800","1","5","1","37","2020/04/01"
"5451360800","1","6","1","53","2020/04/01"
"5451360800","1","7","1","12","2020/04/01"
"5451360800","1","8","1","107","2020/04/01"
"5451360800","1","9","1","52","2020/04/01"
"5451360800","1","10","1","22","2020/04/01"
"5451341599","0","1","1","31","2020/04/01"
"5451341599","0","2","1","121","2020/04/01"
"5451341599","0","3","1","70","2020/04/01"
"5451341599","0","4","1","120","2020/04/01"
"5451341599","0","5","1","64","2020/04/01"
"5451341599","0","6","1","86","2020/04/01"
"5451341599","0","7","1","38","2020/04/01"
"5451341599","0","8","1","12","2020/04/01"
"5451341599","0","9","1","43","2020/04/01"
"5451341599","0","10","1","46","2020/04/01"
"5451339168","0","1","1","106","2020/04/01"
"5451339168","0","2","1","10","2020/04/01"
"5451339168","0","3","1","88","2020/04/01"
"5451339168","0","4","1","90","2020/04/01"
"5451339168","0","5","1","43","2020/04/01"
"5451339168","0","6","1","40","2020/04/01"
"5451339168","0","7","1","111","2020/04/01"
"5451339168","0","8","1","71","2020/04/01"
"5451339168","0","9","1","46","2020/04/01"
"5451339168","0","10","1","59","2020/04/01"
"5460765228","1","1","1","45","2020/04/01"
"5460765228","1","2","1","111","2020/04/01"
"5460765228","1","3","1","95","2020/04/01"
"5460765228","1","4","1","15","2020/04/01"
"5460765228","1","5","1","19","2020/04/01"
"5460765228","1","6","1","96","2020/04/01"
"5460765228","1","7","1","65","2020/04/01"
"5460765228","1","8","1","87","2020/04/01"
"5460765228","1","9","1","12","2020/04/01"
"5460765228","1","10","1","36","2020/04/01"
"5460723305","0","1","1","58","2020/04/01"
"5460723305","0","2","1","3","2020/04/01"
"5460723305","0","3","1","7","2020/04/01"
"5460723305","0","4","1","38","2020/04/01"
"5460723305","0","5","1","77","2020/04/01"
"5460723305","0","6","1","83","2020/04/01"
"5460723305","0","7","1","56","2020/04/01"
"5460723305","0","8","1","48","2020/04/01"
"5460723305","0","9","1","11","2020/04/01"
"5460723305","0","10","1","46","2020/04/01"
"5460702914","0","1","1","39","2020/04/01"
"5460702914","0","2","1","106","2020/04/01"
"5460702914","0","3","1","110","2020/04/01"
"5460702914","0","4","1","58","2020/04/01"
"5460702914","0","5","1","2","2020/04/01"
"5460702914","0","6","1","7","2020/04/01"
"5460702914","0","7","1","111","2020/04/01"
"5460702914","0","8","1","54","2020/04/01"
"5460702914","0","9","1","47","2020/04/01"
"5460702914","0","10","1","94","2020/04/01"
"5460669495","0","1","1","38","2020/04/01"
"5460669495","0","2","1","27","2020/04/01"
"5460669495","0","3","1","12","2020/04/01"
"5460669495","0","4","1","64","2020/04/01"
"5460669495","0","5","1","21","2020/04/01"
"5460669495","0","6","1","52","2020/04/01"
"5460669495","0","7","1","79","2020/04/01"
"5460669495","0","8","1","42","2020/04/01"
"5460669495","0","9","1","46","2020/04/01"
"5460669495","0","10","1","15","2020/04/01"
"5460653904","1","1","1","38","2020/04/01"
"5460653904","1","2","1","30","2020/04/01"
"5460653904","1","3","1","106","2020/04/01"
"5460653904","1","4","1","119","2020/04/01"
"5460653904","1","5","1","120","2020/04/01"
"5460653904","1","6","1","3","2020/04/01"
"5460653904","1","7","1","102","2020/04/01"
"5460653904","1","8","1","93","2020/04/01"
"5460653904","1","9","1","17","2020/04/01"
"5460653904","1","10","1","12","2020/04/01"
"5460626530","0","1","1","106","2020/04/01"
"5460626530","0","2","1","3","2020/04/01"
"5460626530","0","3","1","48","2020/04/01"
"5460626530","0","4","1","38","2020/04/01"
"5460626530","0","5","1","101","2020/04/01"
"5460626530","0","6","1","79","2020/04/01"
"5460626530","0","7","1","129","2020/04/01"
"5460626530","0","8","1","30","2020/04/01"
"5460626530","0","9","1","70","2020/04/01"
"5460626530","0","10","1","40","2020/04/01"
"5460596652","1","1","1","64","2020/04/01"
"5460596652","1","2","1","37","2020/04/01"
"5460596652","1","3","1","96","2020/04/01"
"5460596652","1","4","1","86","2020/04/01"
"5460596652","1","5","1","95","2020/04/01"
"5460596652","1","6","1","17","2020/04/01"
"5460596652","1","7","1","107","2020/04/01"
"5460596652","1","8","1","129","2020/04/01"
"5460596652","1","9","1","10","2020/04/01"
"5460596652","1","10","1","11","2020/04/01"
"5460595668","0","1","1","39","2020/04/01"
"5460595668","0","2","1","7","2020/04/01"
"5460595668","0","3","1","53","2020/04/01"
"5460595668","0","4","1","58","2020/04/01"
"5460595668","0","5","1","121","2020/04/01"
"5460595668","0","6","1","110","2020/04/01"
"5460595668","0","7","1","32","2020/04/01"
"5460595668","0","8","1","28","2020/04/01"
"5460595668","0","9","1","73","2020/04/01"
"5460595668","0","10","1","82","2020/04/01"
"5460498423","1","1","1","65","2020/04/01"
"5460498423","1","2","1","102","2020/04/01"
"5460498423","1","3","1","95","2020/04/01"
"5460498423","1","4","1","27","2020/04/01"
"5460498423","1","5","1","96","2020/04/01"
"5460498423","1","6","1","99","2020/04/01"
"5460498423","1","7","1","25","2020/04/01"
"5460498423","1","8","1","72","2020/04/01"
"5460498423","1","9","1","48","2020/04/01"
"5460498423","1","10","1","101","2020/04/01"
"5460479985","1","1","1","106","2020/04/01"
"5460479985","1","2","1","121","2020/04/01"
"5460479985","1","3","1","38","2020/04/01"
"5460479985","1","4","1","58","2020/04/01"
"5460479985","1","5","1","33","2020/04/01"
"5460479985","1","6","1","86","2020/04/01"
"5460479985","1","7","1","114","2020/04/01"
"5460479985","1","8","1","44","2020/04/01"
"5460479985","1","9","1","50","2020/04/01"
"5460479985","1","10","1","80","2020/04/01"
"5460478590","0","1","1","110","2020/04/01"
"5460478590","0","2","1","38","2020/04/01"
"5460478590","0","3","1","30","2020/04/01"
"5460478590","0","4","1","56","2020/04/01"
"5460478590","0","5","1","9","2020/04/01"
"5460478590","0","6","1","100","2020/04/01"
"5460478590","0","7","1","10","2020/04/01"
"5460478590","0","8","1","12","2020/04/01"
"5460478590","0","9","1","92","2020/04/01"
"5460478590","0","10","1","98","2020/04/01"
"5460451096","0","1","1","66","2020/04/01"
"5460451096","0","2","1","126","2020/04/01"
"5460451096","0","3","1","5","2020/04/01"
"5460451096","0","4","1","39","2020/04/01"
"5460451096","0","5","1","88","2020/04/01"
"5460451096","0","6","1","100","2020/04/01"
"5460451096","0","7","1","10","2020/04/01"
"5460451096","0","8","1","1","2020/04/01"
"5460451096","0","9","1","120","2020/04/01"
"5460451096","0","10","1","98","2020/04/01"
"5460438015","0","1","1","104","2020/04/01"
"5460438015","0","2","1","111","2020/04/01"
"5460438015","0","3","1","43","2020/04/01"
"5460438015","0","4","1","86","2020/04/01"
"5460438015","0","5","1","51","2020/04/01"
"5460438015","0","6","1","121","2020/04/01"
"5460438015","0","7","1","21","2020/04/01"
"5460438015","0","8","1","106","2020/04/01"
"5460438015","0","9","1","12","2020/04/01"
"5460438015","0","10","1","44","2020/04/01"
"5460407404","0","1","1","119","2020/04/01"
"5460407404","0","2","1","58","2020/04/01"
"5460407404","0","3","1","38","2020/04/01"
"5460407404","0","4","1","120","2020/04/01"
"5460407404","0","5","1","86","2020/04/01"
"5460407404","0","6","1","64","2020/04/01"
"5460407404","0","7","1","10","2020/04/01"
"5460407404","0","8","1","89","2020/04/01"
"5460407404","0","9","1","17","2020/04/01"
"5460407404","0","10","1","106","2020/04/01"
"5460365111","1","1","1","83","2020/04/01"
"5460365111","1","2","1","84","2020/04/01"
"5460365111","1","3","1","96","2020/04/01"
"5460365111","1","4","1","87","2020/04/01"
"5460365111","1","5","1","86","2020/04/01"
"5460365111","1","6","1","22","2020/04/01"
"5460365111","1","7","1","23","2020/04/01"
"5460365111","1","8","1","114","2020/04/01"
"5460365111","1","9","1","15","2020/04/01"
"5460365111","1","10","1","63","2020/04/01"
"5460352419","0","1","1","9","2020/04/01"
"5460352419","0","2","1","110","2020/04/01"
"5460352419","0","3","1","104","2020/04/01"
"5460352419","0","4","1","84","2020/04/01"
"5460352419","0","5","1","39","2020/04/01"
"5460352419","0","6","1","23","2020/04/01"
"5460352419","0","7","1","62","2020/04/01"
"5460352419","0","8","1","77","2020/04/01"
"5460352419","0","9","1","96","2020/04/01"
"5460352419","0","10","1","70","2020/04/01"
"5460347035","1","1","1","83","2020/04/01"
"5460347035","1","2","1","38","2020/04/01"
"5460347035","1","3","1","53","2020/04/01"
"5460347035","1","4","1","95","2020/04/01"
"5460347035","1","5","1","110","2020/04/01"
"5460347035","1","6","1","128","2020/04/01"
"5460347035","1","7","1","86","2020/04/01"
"5460347035","1","8","1","2","2020/04/01"
"5460347035","1","9","1","82","2020/04/01"
"5460347035","1","10","1","11","2020/04/01"
"5460309609","1","1","1","88","2020/04/01"
"5460309609","1","2","1","16","2020/04/01"
"5460309609","1","3","1","5","2020/04/01"
"5460309609","1","4","1","10","2020/04/01"
"5460309609","1","5","1","101","2020/04/01"
"5460309609","1","6","1","86","2020/04/01"
"5460309609","1","7","1","41","2020/04/01"
"5460309609","1","8","1","38","2020/04/01"
"5460309609","1","9","1","22","2020/04/01"
"5460309609","1","10","1","74","2020/04/01"
"5460303864","0","1","1","51","2020/04/01"
"5460303864","0","2","1","39","2020/04/01"
"5460303864","0","3","1","83","2020/04/01"
"5460303864","0","4","1","53","2020/04/01"
"5460303864","0","5","1","49","2020/04/01"
"5460303864","0","6","1","110","2020/04/01"
"5460303864","0","7","1","20","2020/04/01"
"5460303864","0","8","1","36","2020/04/01"
"5460303864","0","9","1","23","2020/04/01"
"5460303864","0","10","1","6","2020/04/01"
"5460288820","1","1","1","106","2020/04/01"
"5460288820","1","2","1","121","2020/04/01"
"5460288820","1","3","1","38","2020/04/01"
"5460288820","1","4","1","66","2020/04/01"
"5460288820","1","5","1","7","2020/04/01"
"5460288820","1","6","1","86","2020/04/01"
"5460288820","1","7","1","12","2020/04/01"
"5460288820","1","8","1","104","2020/04/01"
"5460288820","1","9","1","95","2020/04/01"
"5460288820","1","10","1","17","2020/04/01"
"5460254878","1","1","1","110","2020/04/01"
"5460254878","1","2","1","9","2020/04/01"
"5460254878","1","3","1","49","2020/04/01"
"5460254878","1","4","1","7","2020/04/01"
"5460254878","1","5","1","3","2020/04/01"
"5460254878","1","6","1","36","2020/04/01"
"5460254878","1","7","1","72","2020/04/01"
"5460254878","1","8","1","41","2020/04/01"
"5460254878","1","9","1","25","2020/04/01"
"5460254878","1","10","1","69","2020/04/01"
"5460241509","1","1","1","120","2020/04/01"
"5460241509","1","2","1","121","2020/04/01"
"5460241509","1","3","1","106","2020/04/01"
"5460241509","1","4","1","31","2020/04/01"
"5460241509","1","5","1","21","2020/04/01"
"5460241509","1","6","1","86","2020/04/01"
"5460241509","1","7","1","51","2020/04/01"
"5460241509","1","8","1","4","2020/04/01"
"5460241509","1","9","1","39","2020/04/01"
"5460241509","1","10","1","45","2020/04/01"
"5460232673","0","1","1","66","2020/04/01"
"5460232673","0","2","1","7","2020/04/01"
"5460232673","0","3","1","43","2020/04/01"
"5460232673","0","4","1","86","2020/04/01"
"5460232673","0","5","1","111","2020/04/01"
"5460232673","0","6","1","12","2020/04/01"
"5460232673","0","7","1","36","2020/04/01"
"5460232673","0","8","1","29","2020/04/01"
"5460232673","0","9","1","17","2020/04/01"
"5460232673","0","10","1","73","2020/04/01"
"5460218932","0","1","1","110","2020/04/01"
"5460218932","0","2","1","83","2020/04/01"
"5460218932","0","3","1","128","2020/04/01"
"5460218932","0","4","1","80","2020/04/01"
"5460218932","0","5","1","78","2020/04/01"
"5460218932","0","6","1","107","2020/04/01"
"5460218932","0","7","1","25","2020/04/01"
"5460218932","0","8","1","46","2020/04/01"
"5460218932","0","9","1","66","2020/04/01"
"5460218932","0","10","1","95","2020/04/01"
"5460207597","0","1","1","53","2020/04/01"
"5460207597","0","2","1","121","2020/04/01"
"5460207597","0","3","1","106","2020/04/01"
"5460207597","0","4","1","13","2020/04/01"
"5460207597","0","5","1","7","2020/04/01"
"5460207597","0","6","1","10","2020/04/01"
"5460207597","0","7","1","38","2020/04/01"
"5460207597","0","8","1","58","2020/04/01"
"5460207597","0","9","1","102","2020/04/01"
"5460207597","0","10","1","46","2020/04/01"
"5460186525","1","1","1","7","2020/04/01"
"5460186525","1","2","1","20","2020/04/01"
"5460186525","1","3","1","94","2020/04/01"
"5460186525","1","4","1","68","2020/04/01"
"5460186525","1","5","1","129","2020/04/01"
"5460186525","1","6","1","50","2020/04/01"
"5460186525","1","7","1","110","2020/04/01"
"5460186525","1","8","1","93","2020/04/01"
"5460186525","1","9","1","53","2020/04/01"
"5460186525","1","10","1","23","2020/04/01"
"5460133212","0","1","1","106","2020/04/01"
"5460133212","0","2","1","36","2020/04/01"
"5460133212","0","3","1","7","2020/04/01"
"5460133212","0","4","1","90","2020/04/01"
"5460133212","0","5","1","66","2020/04/01"
"5460133212","0","6","1","9","2020/04/01"
"5460133212","0","7","1","114","2020/04/01"
"5460133212","0","8","1","95","2020/04/01"
"5460133212","0","9","1","96","2020/04/01"
"5460133212","0","10","1","120","2020/04/01"
"5460111675","1","1","1","66","2020/04/01"
"5460111675","1","2","1","39","2020/04/01"
"5460111675","1","3","1","56","2020/04/01"
"5460111675","1","4","1","86","2020/04/01"
"5460111675","1","5","1","100","2020/04/01"
"5460111675","1","6","1","12","2020/04/01"
"5460111675","1","7","1","84","2020/04/01"
"5460111675","1","8","1","46","2020/04/01"
"5460111675","1","9","1","98","2020/04/01"
"5460111675","1","10","1","70","2020/04/01"
"5460099933","0","1","1","33","2020/04/01"
"5460099933","0","2","1","38","2020/04/01"
"5460099933","0","3","1","64","2020/04/01"
"5460099933","0","4","1","120","2020/04/01"
"5460099933","0","5","1","63","2020/04/01"
"5460099933","0","6","1","58","2020/04/01"
"5460099933","0","7","1","10","2020/04/01"
"5460099933","0","8","1","94","2020/04/01"
"5460099933","0","9","1","23","2020/04/01"
"5460099933","0","10","1","46","2020/04/01"
"5460084219","1","1","1","106","2020/04/01"
"5460084219","1","2","1","49","2020/04/01"
"5460084219","1","3","1","111","2020/04/01"
"5460084219","1","4","1","68","2020/04/01"
"5460084219","1","5","1","86","2020/04/01"
"5460084219","1","6","1","100","2020/04/01"
"5460084219","1","7","1","17","2020/04/01"
"5460084219","1","8","1","67","2020/04/01"
"5460084219","1","9","1","16","2020/04/01"
"5460084219","1","10","1","1","2020/04/01"
"5460079034","0","1","1","51","2020/04/01"
"5460079034","0","2","1","39","2020/04/01"
"5460079034","0","3","1","110","2020/04/01"
"5460079034","0","4","1","3","2020/04/01"
"5460079034","0","5","1","53","2020/04/01"
"5460079034","0","6","1","104","2020/04/01"
"5460079034","0","7","1","100","2020/04/01"
"5460079034","0","8","1","46","2020/04/01"
"5460079034","0","9","1","72","2020/04/01"
"5460079034","0","10","1","77","2020/04/01"
"5460068926","0","1","1","83","2020/04/01"
"5460068926","0","2","1","84","2020/04/01"
"5460068926","0","3","1","53","2020/04/01"
"5460068926","0","4","1","95","2020/04/01"
"5460068926","0","5","1","129","2020/04/01"
"5460068926","0","6","1","110","2020/04/01"
"5460068926","0","7","1","86","2020/04/01"
"5460068926","0","8","1","14","2020/04/01"
"5460068926","0","9","1","23","2020/04/01"
"5460068926","0","10","1","79","2020/04/01"
"5460029106","0","1","1","53","2020/04/01"
"5460029106","0","2","1","128","2020/04/01"
"5460029106","0","3","1","38","2020/04/01"
"5460029106","0","4","1","64","2020/04/01"
"5460029106","0","5","1","86","2020/04/01"
"5460029106","0","6","1","56","2020/04/01"
"5460029106","0","7","1","8","2020/04/01"
"5460029106","0","8","1","100","2020/04/01"
"5460029106","0","9","1","39","2020/04/01"
"5460029106","0","10","1","13","2020/04/01"
"5460028208","1","1","1","7","2020/04/01"
"5460028208","1","2","1","68","2020/04/01"
"5460028208","1","3","1","38","2020/04/01"
"5460028208","1","4","1","56","2020/04/01"
"5460028208","1","5","1","103","2020/04/01"
"5460028208","1","6","1","112","2020/04/01"
"5460028208","1","7","1","126","2020/04/01"
"5460028208","1","8","1","17","2020/04/01"
"5460028208","1","9","1","104","2020/04/01"
"5460028208","1","10","1","67","2020/04/01"
"5460021738","1","1","1","126","2020/04/01"
"5460021738","1","2","1","66","2020/04/01"
"5460021738","1","3","1","120","2020/04/01"
"5460021738","1","4","1","7","2020/04/01"
"5460021738","1","5","1","51","2020/04/01"
"5460021738","1","6","1","128","2020/04/01"
"5460021738","1","7","1","13","2020/04/01"
"5460021738","1","8","1","49","2020/04/01"
"5460021738","1","9","1","73","2020/04/01"
"5460021738","1","10","1","70","2020/04/01"
"5459989957","1","1","1","84","2020/04/01"
"5459989957","1","2","1","25","2020/04/01"
"5459989957","1","3","1","19","2020/04/01"
"5459989957","1","4","1","120","2020/04/01"
"5459989957","1","5","1","5","2020/04/01"
"5459989957","1","6","1","20","2020/04/01"
"5459989957","1","7","1","56","2020/04/01"
"5459989957","1","8","1","94","2020/04/01"
"5459989957","1","9","1","39","2020/04/01"
"5459989957","1","10","1","14","2020/04/01"
"5459967911","0","1","1","53","2020/04/01"
"5459967911","0","2","1","112","2020/04/01"
"5459967911","0","3","1","7","2020/04/01"
"5459967911","0","4","1","63","2020/04/01"
"5459967911","0","5","1","38","2020/04/01"
"5459967911","0","6","1","58","2020/04/01"
"5459967911","0","7","1","10","2020/04/01"
"5459967911","0","8","1","44","2020/04/01"
"5459967911","0","9","1","97","2020/04/01"
"5459967911","0","10","1","126","2020/04/01"
"5459958871","0","1","1","53","2020/04/01"
"5459958871","0","2","1","39","2020/04/01"
"5459958871","0","3","1","83","2020/04/01"
"5459958871","0","4","1","20","2020/04/01"
"5459958871","0","5","1","43","2020/04/01"
"5459958871","0","6","1","11","2020/04/01"
"5459958871","0","7","1","100","2020/04/01"
"5459958871","0","8","1","19","2020/04/01"
"5459958871","0","9","1","48","2020/04/01"
"5459958871","0","10","1","17","2020/04/01"
"5459949487","0","1","1","74","2020/04/01"
"5459949487","0","2","1","110","2020/04/01"
"5459949487","0","3","1","120","2020/04/01"
"5459949487","0","4","1","53","2020/04/01"
"5459949487","0","5","1","64","2020/04/01"
"5459949487","0","6","1","86","2020/04/01"
"5459949487","0","7","1","43","2020/04/01"
"5459949487","0","8","1","104","2020/04/01"
"5459949487","0","9","1","79","2020/04/01"
"5459949487","0","10","1","77","2020/04/01"
"5459902594","1","1","1","88","2020/04/01"
"5459902594","1","2","1","77","2020/04/01"
"5459902594","1","3","1","29","2020/04/01"
"5459902594","1","4","1","5","2020/04/01"
"5459902594","1","5","1","53","2020/04/01"
"5459902594","1","6","1","95","2020/04/01"
"5459902594","1","7","1","110","2020/04/01"
"5459902594","1","8","1","23","2020/04/01"
"5459902594","1","9","1","11","2020/04/01"
"5459902594","1","10","1","74","2020/04/01"
"5459729524","1","1","1","58","2020/04/01"
"5459729524","1","2","1","100","2020/04/01"
"5459729524","1","3","1","106","2020/04/01"
"5459729524","1","4","1","7","2020/04/01"
"5459729524","1","5","1","128","2020/04/01"
"5459729524","1","6","1","39","2020/04/01"
"5459729524","1","7","1","13","2020/04/01"
"5459729524","1","8","1","104","2020/04/01"
"5459729524","1","9","1","53","2020/04/01"
"5459729524","1","10","1","42","2020/04/01"
"5459664859","0","1","1","79","2020/04/01"
"5459664859","0","2","1","112","2020/04/01"
"5459664859","0","3","1","120","2020/04/01"
"5459664859","0","4","1","67","2020/04/01"
"5459664859","0","5","1","100","2020/04/01"
"5459664859","0","6","1","19","2020/04/01"
"5459664859","0","7","1","47","2020/04/01"
"5459664859","0","8","1","53","2020/04/01"
"5459664859","0","9","1","16","2020/04/01"
"5459664859","0","10","1","42","2020/04/01"
"5459628585","0","1","1","43","2020/04/01"
"5459628585","0","2","1","66","2020/04/01"
"5459628585","0","3","1","120","2020/04/01"
"5459628585","0","4","1","9","2020/04/01"
"5459628585","0","5","1","87","2020/04/01"
"5459628585","0","6","1","112","2020/04/01"
"5459628585","0","7","1","77","2020/04/01"
"5459628585","0","8","1","95","2020/04/01"
"5459628585","0","9","1","129","2020/04/01"
"5459628585","0","10","1","32","2020/04/01"
"5459580241","0","1","1","106","2020/04/01"
"5459580241","0","2","1","111","2020/04/01"
"5459580241","0","3","1","36","2020/04/01"
"5459580241","0","4","1","79","2020/04/01"
"5459580241","0","5","1","19","2020/04/01"
"5459580241","0","6","1","86","2020/04/01"
"5459580241","0","7","1","104","2020/04/01"
"5459580241","0","8","1","77","2020/04/01"
"5459580241","0","9","1","78","2020/04/01"
"5459580241","0","10","1","8","2020/04/01"
"5459521618","1","1","1","49","2020/04/01"
"5459521618","1","2","1","30","2020/04/01"
"5459521618","1","3","1","106","2020/04/01"
"5459521618","1","4","1","35","2020/04/01"
"5459521618","1","5","1","100","2020/04/01"
"5459521618","1","6","1","84","2020/04/01"
"5459521618","1","7","1","112","2020/04/01"
"5459521618","1","8","1","104","2020/04/01"
"5459521618","1","9","1","67","2020/04/01"
"5459521618","1","10","1","95","2020/04/01"
"5459430378","0","1","1","43","2020/04/01"
"5459430378","0","2","1","106","2020/04/01"
"5459430378","0","3","1","90","2020/04/01"
"5459430378","0","4","1","3","2020/04/01"
"5459430378","0","5","1","51","2020/04/01"
"5459430378","0","6","1","86","2020/04/01"
"5459430378","0","7","1","33","2020/04/01"
"5459430378","0","8","1","67","2020/04/01"
"5459430378","0","9","1","23","2020/04/01"
"5459430378","0","10","1","70","2020/04/01"
"5459396294","1","1","1","78","2020/04/01"
"5459396294","1","2","1","91","2020/04/01"
"5459396294","1","3","1","52","2020/04/01"
"5459396294","1","4","1","31","2020/04/01"
"5459396294","1","5","1","90","2020/04/01"
"5459396294","1","6","1","59","2020/04/01"
"5459396294","1","7","1","25","2020/04/01"
"5459396294","1","8","1","38","2020/04/01"
"5459396294","1","9","1","30","2020/04/01"
"5459396294","1","10","1","109","2020/04/01"
"5459258968","0","1","1","84","2020/04/01"
"5459258968","0","2","1","48","2020/04/01"
"5459258968","0","3","1","111","2020/04/01"
"5459258968","0","4","1","112","2020/04/01"
"5459258968","0","5","1","2","2020/04/01"
"5459258968","0","6","1","129","2020/04/01"
"5459258968","0","7","1","79","2020/04/01"
"5459258968","0","8","1","60","2020/04/01"
"5459258968","0","9","1","44","2020/04/01"
"5459258968","0","10","1","36","2020/04/01"
"5459150298","0","1","1","7","2020/04/01"
"5459150298","0","2","1","121","2020/04/01"
"5459150298","0","3","1","53","2020/04/01"
"5459150298","0","4","1","90","2020/04/01"
"5459150298","0","5","1","2","2020/04/01"
"5459150298","0","6","1","70","2020/04/01"
"5459150298","0","7","1","22","2020/04/01"
"5459150298","0","8","1","46","2020/04/01"
"5459150298","0","9","1","50","2020/04/01"
"5459150298","0","10","1","12","2020/04/01"
"5458929966","1","1","1","119","2020/04/01"
"5458929966","1","2","1","50","2020/04/01"
"5458929966","1","3","1","2","2020/04/01"
"5458929966","1","4","1","49","2020/04/01"
"5458929966","1","5","1","87","2020/04/01"
"5458929966","1","6","1","121","2020/04/01"
"5458929966","1","7","1","93","2020/04/01"
"5458929966","1","8","1","32","2020/04/01"
"5458929966","1","9","1","96","2020/04/01"
"5458929966","1","10","1","98","2020/04/01"
"5458915810","0","1","1","84","2020/04/01"
"5458915810","0","2","1","129","2020/04/01"
"5458915810","0","3","1","45","2020/04/01"
"5458915810","0","4","1","31","2020/04/01"
"5458915810","0","5","1","20","2020/04/01"
"5458915810","0","6","1","102","2020/04/01"
"5458915810","0","7","1","41","2020/04/01"
"5458915810","0","8","1","70","2020/04/01"
"5458915810","0","9","1","80","2020/04/01"
"5458915810","0","10","1","21","2020/04/01"
"5458912363","0","1","1","79","2020/04/01"
"5458912363","0","2","1","33","2020/04/01"
"5458912363","0","3","1","107","2020/04/01"
"5458912363","0","4","1","96","2020/04/01"
"5458912363","0","5","1","42","2020/04/01"
"5458912363","0","6","1","66","2020/04/01"
"5458912363","0","7","1","65","2020/04/01"
"5458912363","0","8","1","43","2020/04/01"
"5458912363","0","9","1","8","2020/04/01"
"5458912363","0","10","1","53","2020/04/01"
"5458908502","0","1","1","106","2020/04/01"
"5458908502","0","2","1","95","2020/04/01"
"5458908502","0","3","1","100","2020/04/01"
"5458908502","0","4","1","38","2020/04/01"
"5458908502","0","5","1","5","2020/04/01"
"5458908502","0","6","1","45","2020/04/01"
"5458908502","0","7","1","104","2020/04/01"
"5458908502","0","8","1","114","2020/04/01"
"5458908502","0","9","1","31","2020/04/01"
"5458908502","0","10","1","11","2020/04/01"
"5458871169","1","1","1","52","2020/04/01"
"5458871169","1","2","1","128","2020/04/01"
"5458871169","1","3","1","27","2020/04/01"
"5458871169","1","4","1","53","2020/04/01"
"5458871169","1","5","1","108","2020/04/01"
"5458871169","1","6","1","6","2020/04/01"
"5458871169","1","7","1","45","2020/04/01"
"5458871169","1","8","1","90","2020/04/01"
"5458871169","1","9","1","5","2020/04/01"
"5458871169","1","10","1","93","2020/04/01"
"5458830674","1","1","1","7","2020/04/01"
"5458830674","1","2","1","110","2020/04/01"
"5458830674","1","3","1","19","2020/04/01"
"5458830674","1","4","1","10","2020/04/01"
"5458830674","1","5","1","66","2020/04/01"
"5458830674","1","6","1","5","2020/04/01"
"5458830674","1","7","1","48","2020/04/01"
"5458830674","1","8","1","17","2020/04/01"
"5458830674","1","9","1","108","2020/04/01"
"5458830674","1","10","1","74","2020/04/01"
"5458829043","1","1","1","31","2020/04/01"
"5458829043","1","2","1","119","2020/04/01"
"5458829043","1","3","1","121","2020/04/01"
"5458829043","1","4","1","65","2020/04/01"
"5458829043","1","5","1","129","2020/04/01"
"5458829043","1","6","1","47","2020/04/01"
"5458829043","1","7","1","21","2020/04/01"
"5458829043","1","8","1","34","2020/04/01"
"5458829043","1","9","1","42","2020/04/01"
"5458829043","1","10","1","12","2020/04/01"
"5458820128","0","1","1","121","2020/04/01"
"5458820128","0","2","1","31","2020/04/01"
"5458820128","0","3","1","83","2020/04/01"
"5458820128","0","4","1","51","2020/04/01"
"5458820128","0","5","1","98","2020/04/01"
"5458820128","0","6","1","64","2020/04/01"
"5458820128","0","7","1","1","2020/04/01"
"5458820128","0","8","1","8","2020/04/01"
"5458820128","0","9","1","47","2020/04/01"
"5458820128","0","10","1","101","2020/04/01"
"5458818789","1","1","1","39","2020/04/01"
"5458818789","1","2","1","49","2020/04/01"
"5458818789","1","3","1","87","2020/04/01"
"5458818789","1","4","1","120","2020/04/01"
"5458818789","1","5","1","129","2020/04/01"
"5458818789","1","6","1","98","2020/04/01"
"5458818789","1","7","1","45","2020/04/01"
"5458818789","1","8","1","90","2020/04/01"
"5458818789","1","9","1","100","2020/04/01"
"5458818789","1","10","1","10","2020/04/01"
"5458813357","0","1","1","83","2020/04/01"
"5458813357","0","2","1","31","2020/04/01"
"5458813357","0","3","1","121","2020/04/01"
"5458813357","0","4","1","25","2020/04/01"
"5458813357","0","5","1","60","2020/04/01"
"5458813357","0","6","1","16","2020/04/01"
"5458813357","0","7","1","32","2020/04/01"
"5458813357","0","8","1","11","2020/04/01"
"5458813357","0","9","1","44","2020/04/01"
"5458813357","0","10","1","129","2020/04/01"
"5458803463","0","1","1","37","2020/04/01"
"5458803463","0","2","1","119","2020/04/01"
"5458803463","0","3","1","49","2020/04/01"
"5458803463","0","4","1","107","2020/04/01"
"5458803463","0","5","1","87","2020/04/01"
"5458803463","0","6","1","96","2020/04/01"
"5458803463","0","7","1","93","2020/04/01"
"5458803463","0","8","1","12","2020/04/01"
"5458803463","0","9","1","69","2020/04/01"
"5458803463","0","10","1","102","2020/04/01"
"5458800669","0","1","1","38","2020/04/01"
"5458800669","0","2","1","112","2020/04/01"
"5458800669","0","3","1","106","2020/04/01"
"5458800669","0","4","1","39","2020/04/01"
"5458800669","0","5","1","86","2020/04/01"
"5458800669","0","6","1","3","2020/04/01"
"5458800669","0","7","1","53","2020/04/01"
"5458800669","0","8","1","49","2020/04/01"
"5458800669","0","9","1","72","2020/04/01"
"5458800669","0","10","1","56","2020/04/01"
"5458796403","0","1","1","38","2020/04/01"
"5458796403","0","2","1","45","2020/04/01"
"5458796403","0","3","1","20","2020/04/01"
"5458796403","0","4","1","35","2020/04/01"
"5458796403","0","5","1","129","2020/04/01"
"5458796403","0","6","1","68","2020/04/01"
"5458796403","0","7","1","44","2020/04/01"
"5458796403","0","8","1","126","2020/04/01"
"5458796403","0","9","1","12","2020/04/01"
"5458796403","0","10","1","17","2020/04/01"
"5458795899","1","1","1","50","2020/04/01"
"5458795899","1","2","1","57","2020/04/01"
"5458795899","1","3","1","86","2020/04/01"
"5458795899","1","4","1","126","2020/04/01"
"5458795899","1","5","1","52","2020/04/01"
"5458795899","1","6","1","18","2020/04/01"
"5458795899","1","7","1","90","2020/04/01"
"5458795899","1","8","1","60","2020/04/01"
"5458795899","1","9","1","111","2020/04/01"
"5458795899","1","10","1","98","2020/04/01"
"5458770659","0","1","1","19","2020/04/01"
"5458770659","0","2","1","49","2020/04/01"
"5458770659","0","3","1","110","2020/04/01"
"5458770659","0","4","1","93","2020/04/01"
"5458770659","0","5","1","66","2020/04/01"
"5458770659","0","6","1","64","2020/04/01"
"5458770659","0","7","1","2","2020/04/01"
"5458770659","0","8","1","108","2020/04/01"
"5458770659","0","9","1","78","2020/04/01"
"5458770659","0","10","1","109","2020/04/01"
"5458738160","0","1","1","106","2020/04/01"
"5458738160","0","2","1","39","2020/04/01"
"5458738160","0","3","1","88","2020/04/01"
"5458738160","0","4","1","7","2020/04/01"
"5458738160","0","5","1","121","2020/04/01"
"5458738160","0","6","1","3","2020/04/01"
"5458738160","0","7","1","41","2020/04/01"
"5458738160","0","8","1","92","2020/04/01"
"5458738160","0","9","1","80","2020/04/01"
"5458738160","0","10","1","40","2020/04/01"
"5458724875","0","1","1","129","2020/04/01"
"5458724875","0","2","1","86","2020/04/01"
"5458724875","0","3","1","29","2020/04/01"
"5458724875","0","4","1","100","2020/04/01"
"5458724875","0","5","1","90","2020/04/01"
"5458724875","0","6","1","30","2020/04/01"
"5458724875","0","7","1","95","2020/04/01"
"5458724875","0","8","1","4","2020/04/01"
"5458724875","0","9","1","17","2020/04/01"
"5458724875","0","10","1","106","2020/04/01"
"5458722594","1","1","1","79","2020/04/01"
"5458722594","1","2","1","19","2020/04/01"
"5458722594","1","3","1","53","2020/04/01"
"5458722594","1","4","1","129","2020/04/01"
"5458722594","1","5","1","111","2020/04/01"
"5458722594","1","6","1","25","2020/04/01"
"5458722594","1","7","1","67","2020/04/01"
"5458722594","1","8","1","70","2020/04/01"
"5458722594","1","9","1","13","2020/04/01"
"5458722594","1","10","1","46","2020/04/01"
"5458718204","1","1","1","111","2020/04/01"
"5458718204","1","2","1","10","2020/04/01"
"5458718204","1","3","1","58","2020/04/01"
"5458718204","1","4","1","7","2020/04/01"
"5458718204","1","5","1","16","2020/04/01"
"5458718204","1","6","1","70","2020/04/01"
"5458718204","1","7","1","25","2020/04/01"
"5458718204","1","8","1","2","2020/04/01"
"5458718204","1","9","1","92","2020/04/01"
"5458718204","1","10","1","49","2020/04/01"
"5458713332","1","1","1","112","2020/04/01"
"5458713332","1","2","1","38","2020/04/01"
"5458713332","1","3","1","43","2020/04/01"
"5458713332","1","4","1","23","2020/04/01"
"5458713332","1","5","1","106","2020/04/01"
"5458713332","1","6","1","120","2020/04/01"
"5458713332","1","7","1","121","2020/04/01"
"5458713332","1","8","1","67","2020/04/01"
"5458713332","1","9","1","101","2020/04/01"
"5458713332","1","10","1","19","2020/04/01"
"5458699629","0","1","1","65","2020/04/01"
"5458699629","0","2","1","111","2020/04/01"
"5458699629","0","3","1","100","2020/04/01"
"5458699629","0","4","1","7","2020/04/01"
"5458699629","0","5","1","50","2020/04/01"
"5458699629","0","6","1","110","2020/04/01"
"5458699629","0","7","1","59","2020/04/01"
"5458699629","0","8","1","12","2020/04/01"
"5458699629","0","9","1","53","2020/04/01"
"5458699629","0","10","1","114","2020/04/01"
"5458650896","0","1","1","86","2020/04/01"
"5458650896","0","2","1","84","2020/04/01"
"5458650896","0","3","1","41","2020/04/01"
"5458650896","0","4","1","98","2020/04/01"
"5458650896","0","5","1","65","2020/04/01"
"5458650896","0","6","1","31","2020/04/01"
"5458650896","0","7","1","2","2020/04/01"
"5458650896","0","8","1","93","2020/04/01"
"5458650896","0","9","1","92","2020/04/01"
"5458650896","0","10","1","101","2020/04/01"
"5458645536","1","1","1","79","2020/04/01"
"5458645536","1","2","1","88","2020/04/01"
"5458645536","1","3","1","53","2020/04/01"
"5458645536","1","4","1","77","2020/04/01"
"5458645536","1","5","1","98","2020/04/01"
"5458645536","1","6","1","86","2020/04/01"
"5458645536","1","7","1","95","2020/04/01"
"5458645536","1","8","1","65","2020/04/01"
"5458645536","1","9","1","114","2020/04/01"
"5458645536","1","10","1","112","2020/04/01"
"5458644394","1","1","1","106","2020/04/01"
"5458644394","1","2","1","110","2020/04/01"
"5458644394","1","3","1","49","2020/04/01"
"5458644394","1","4","1","121","2020/04/01"
"5458644394","1","5","1","129","2020/04/01"
"5458644394","1","6","1","85","2020/04/01"
"5458644394","1","7","1","25","2020/04/01"
"5458644394","1","8","1","69","2020/04/01"
"5458644394","1","9","1","41","2020/04/01"
"5458644394","1","10","1","76","2020/04/01"
"5458643393","1","1","1","37","2020/04/01"
"5458643393","1","2","1","62","2020/04/01"
"5458643393","1","3","1","121","2020/04/01"
"5458643393","1","4","1","40","2020/04/01"
"5458643393","1","5","1","86","2020/04/01"
"5458643393","1","6","1","28","2020/04/01"
"5458643393","1","7","1","10","2020/04/01"
"5458643393","1","8","1","21","2020/04/01"
"5458643393","1","9","1","70","2020/04/01"
"5458643393","1","10","1","94","2020/04/01"
"5458643121","0","1","1","106","2020/04/01"
"5458643121","0","2","1","58","2020/04/01"
"5458643121","0","3","1","126","2020/04/01"
"5458643121","0","4","1","3","2020/04/01"
"5458643121","0","5","1","104","2020/04/01"
"5458643121","0","6","1","4","2020/04/01"
"5458643121","0","7","1","105","2020/04/01"
"5458643121","0","8","1","46","2020/04/01"
"5458643121","0","9","1","50","2020/04/01"
"5458643121","0","10","1","10","2020/04/01"
"5458614966","1","1","1","86","2020/04/01"
"5458614966","1","2","1","7","2020/04/01"
"5458614966","1","3","1","110","2020/04/01"
"5458614966","1","4","1","43","2020/04/01"
"5458614966","1","5","1","10","2020/04/01"
"5458614966","1","6","1","31","2020/04/01"
"5458614966","1","7","1","40","2020/04/01"
"5458614966","1","8","1","1","2020/04/01"
"5458614966","1","9","1","96","2020/04/01"
"5458614966","1","10","1","83","2020/04/01"
"5458595311","0","1","1","51","2020/04/01"
"5458595311","0","2","1","110","2020/04/01"
"5458595311","0","3","1","100","2020/04/01"
"5458595311","0","4","1","53","2020/04/01"
"5458595311","0","5","1","98","2020/04/01"
"5458595311","0","6","1","17","2020/04/01"
"5458595311","0","7","1","43","2020/04/01"
"5458595311","0","8","1","79","2020/04/01"
"5458595311","0","9","1","40","2020/04/01"
"5458595311","0","10","1","82","2020/04/01"
"5458581809","0","1","1","121","2020/04/01"
"5458581809","0","2","1","65","2020/04/01"
"5458581809","0","3","1","102","2020/04/01"
"5458581809","0","4","1","93","2020/04/01"
"5458581809","0","5","1","41","2020/04/01"
"5458581809","0","6","1","49","2020/04/01"
"5458581809","0","7","1","87","2020/04/01"
"5458581809","0","8","1","79","2020/04/01"
"5458581809","0","9","1","13","2020/04/01"
"5458581809","0","10","1","77","2020/04/01"
"5458561829","1","1","1","84","2020/04/01"
"5458561829","1","2","1","120","2020/04/01"
"5458561829","1","3","1","13","2020/04/01"
"5458561829","1","4","1","106","2020/04/01"
"5458561829","1","5","1","85","2020/04/01"
"5458561829","1","6","1","10","2020/04/01"
"5458561829","1","7","1","12","2020/04/01"
"5458561829","1","8","1","37","2020/04/01"
"5458561829","1","9","1","7","2020/04/01"
"5458561829","1","10","1","23","2020/04/01"
"5458554374","0","1","1","110","2020/04/01"
"5458554374","0","2","1","128","2020/04/01"
"5458554374","0","3","1","53","2020/04/01"
"5458554374","0","4","1","112","2020/04/01"
"5458554374","0","5","1","39","2020/04/01"
"5458554374","0","6","1","97","2020/04/01"
"5458554374","0","7","1","86","2020/04/01"
"5458554374","0","8","1","8","2020/04/01"
"5458554374","0","9","1","104","2020/04/01"
"5458554374","0","10","1","42","2020/04/01"
"5458546076","1","1","1","110","2020/04/01"
"5458546076","1","2","1","9","2020/04/01"
"5458546076","1","3","1","126","2020/04/01"
"5458546076","1","4","1","38","2020/04/01"
"5458546076","1","5","1","56","2020/04/01"
"5458546076","1","6","1","31","2020/04/01"
"5458546076","1","7","1","84","2020/04/01"
"5458546076","1","8","1","77","2020/04/01"
"5458546076","1","9","1","25","2020/04/01"
"5458546076","1","10","1","23","2020/04/01"
"5458532591","0","1","1","53","2020/04/01"
"5458532591","0","2","1","49","2020/04/01"
"5458532591","0","3","1","52","2020/04/01"
"5458532591","0","4","1","66","2020/04/01"
"5458532591","0","5","1","58","2020/04/01"
"5458532591","0","6","1","88","2020/04/01"
"5458532591","0","7","1","77","2020/04/01"
"5458532591","0","8","1","40","2020/04/01"
"5458532591","0","9","1","11","2020/04/01"
"5458532591","0","10","1","7","2020/04/01"
"5458511567","0","1","1","106","2020/04/01"
"5458511567","0","2","1","7","2020/04/01"
"5458511567","0","3","1","53","2020/04/01"
"5458511567","0","4","1","64","2020/04/01"
"5458511567","0","5","1","58","2020/04/01"
"5458511567","0","6","1","80","2020/04/01"
"5458511567","0","7","1","120","2020/04/01"
"5458511567","0","8","1","33","2020/04/01"
"5458511567","0","9","1","110","2020/04/01"
"5458511567","0","10","1","89","2020/04/01"
"5458511085","0","1","1","106","2020/04/01"
"5458511085","0","2","1","19","2020/04/01"
"5458511085","0","3","1","58","2020/04/01"
"5458511085","0","4","1","86","2020/04/01"
"5458511085","0","5","1","43","2020/04/01"
"5458511085","0","6","1","51","2020/04/01"
"5458511085","0","7","1","49","2020/04/01"
"5458511085","0","8","1","41","2020/04/01"
"5458511085","0","9","1","128","2020/04/01"
"5458511085","0","10","1","40","2020/04/01"
"5458497718","0","1","1","31","2020/04/01"
"5458497718","0","2","1","58","2020/04/01"
"5458497718","0","3","1","88","2020/04/01"
"5458497718","0","4","1","28","2020/04/01"
"5458497718","0","5","1","85","2020/04/01"
"5458497718","0","6","1","32","2020/04/01"
"5458497718","0","7","1","13","2020/04/01"
"5458497718","0","8","1","19","2020/04/01"
"5458497718","0","9","1","112","2020/04/01"
"5458497718","0","10","1","109","2020/04/01"
"5462800150","0","1","1","110","2020/04/01"
"5462800150","0","2","1","106","2020/04/01"
"5462800150","0","3","1","121","2020/04/01"
"5462800150","0","4","1","2","2020/04/01"
"5462800150","0","5","1","43","2020/04/01"
"5462800150","0","6","1","20","2020/04/01"
"5462800150","0","7","1","120","2020/04/01"
"5462800150","0","8","1","4","2020/04/01"
"5462800150","0","9","1","9","2020/04/01"
"5462800150","0","10","1","54","2020/04/01"
"5462751847","1","1","1","30","2020/04/01"
"5462751847","1","2","1","94","2020/04/01"
"5462751847","1","3","1","20","2020/04/01"
"5462751847","1","4","1","38","2020/04/01"
"5462751847","1","5","1","23","2020/04/01"
"5462751847","1","6","1","7","2020/04/01"
"5462751847","1","7","1","86","2020/04/01"
"5462751847","1","8","1","47","2020/04/01"
"5462751847","1","9","1","106","2020/04/01"
"5462751847","1","10","1","74","2020/04/01"
"5462687152","0","1","1","20","2020/04/01"
"5462687152","0","2","1","7","2020/04/01"
"5462687152","0","3","1","106","2020/04/01"
"5462687152","0","4","1","94","2020/04/01"
"5462687152","0","5","1","121","2020/04/01"
"5462687152","0","6","1","88","2020/04/01"
"5462687152","0","7","1","38","2020/04/01"
"5462687152","0","8","1","99","2020/04/01"
"5462687152","0","9","1","29","2020/04/01"
"5462687152","0","10","1","93","2020/04/01"
"5462659960","1","1","1","43","2020/04/01"
"5462659960","1","2","1","121","2020/04/01"
"5462659960","1","3","1","129","2020/04/01"
"5462659960","1","4","1","66","2020/04/01"
"5462659960","1","5","1","112","2020/04/01"
"5462659960","1","6","1","19","2020/04/01"
"5462659960","1","7","1","12","2020/04/01"
"5462659960","1","8","1","106","2020/04/01"
"5462659960","1","9","1","23","2020/04/01"
"5462659960","1","10","1","98","2020/04/01"
"5462619802","1","1","1","66","2020/04/01"
"5462619802","1","2","1","56","2020/04/01"
"5462619802","1","3","1","23","2020/04/01"
"5462619802","1","4","1","98","2020/04/01"
"5462619802","1","5","1","3","2020/04/01"
"5462619802","1","6","1","121","2020/04/01"
"5462619802","1","7","1","114","2020/04/01"
"5462619802","1","8","1","17","2020/04/01"
"5462619802","1","9","1","32","2020/04/01"
"5462619802","1","10","1","13","2020/04/01"
"5462617841","1","1","1","121","2020/04/01"
"5462617841","1","2","1","39","2020/04/01"
"5462617841","1","3","1","49","2020/04/01"
"5462617841","1","4","1","43","2020/04/01"
"5462617841","1","5","1","68","2020/04/01"
"5462617841","1","6","1","62","2020/04/01"
"5462617841","1","7","1","51","2020/04/01"
"5462617841","1","8","1","16","2020/04/01"
"5462617841","1","9","1","12","2020/04/01"
"5462617841","1","10","1","95","2020/04/01"
"5462574971","0","1","1","39","2020/04/01"
"5462574971","0","2","1","111","2020/04/01"
"5462574971","0","3","1","43","2020/04/01"
"5462574971","0","4","1","20","2020/04/01"
"5462574971","0","5","1","83","2020/04/01"
"5462574971","0","6","1","51","2020/04/01"
"5462574971","0","7","1","52","2020/04/01"
"5462574971","0","8","1","92","2020/04/01"
"5462574971","0","9","1","10","2020/04/01"
"5462574971","0","10","1","12","2020/04/01"
"5462560894","0","1","1","87","2020/04/01"
"5462560894","0","2","1","79","2020/04/01"
"5462560894","0","3","1","68","2020/04/01"
"5462560894","0","4","1","86","2020/04/01"
"5462560894","0","5","1","47","2020/04/01"
"5462560894","0","6","1","21","2020/04/01"
"5462560894","0","7","1","8","2020/04/01"
"5462560894","0","8","1","1","2020/04/01"
"5462560894","0","9","1","34","2020/04/01"
"5462560894","0","10","1","56","2020/04/01"
"5462470225","1","1","1","106","2020/04/01"
"5462470225","1","2","1","39","2020/04/01"
"5462470225","1","3","1","90","2020/04/01"
"5462470225","1","4","1","9","2020/04/01"
"5462470225","1","5","1","107","2020/04/01"
"5462470225","1","6","1","30","2020/04/01"
"5462470225","1","7","1","43","2020/04/01"
"5462470225","1","8","1","67","2020/04/01"
"5462470225","1","9","1","55","2020/04/01"
"5462470225","1","10","1","80","2020/04/01"
"5462452491","0","1","1","50","2020/04/01"
"5462452491","0","2","1","30","2020/04/01"
"5462452491","0","3","1","53","2020/04/01"
"5462452491","0","4","1","64","2020/04/01"
"5462452491","0","5","1","99","2020/04/01"
"5462452491","0","6","1","2","2020/04/01"
"5462452491","0","7","1","70","2020/04/01"
"5462452491","0","8","1","113","2020/04/01"
"5462452491","0","9","1","17","2020/04/01"
"5462452491","0","10","1","94","2020/04/01"
"5462434681","1","1","1","58","2020/04/01"
"5462434681","1","2","1","110","2020/04/01"
"5462434681","1","3","1","129","2020/04/01"
"5462434681","1","4","1","32","2020/04/01"
"5462434681","1","5","1","121","2020/04/01"
"5462434681","1","6","1","7","2020/04/01"
"5462434681","1","7","1","10","2020/04/01"
"5462434681","1","8","1","46","2020/04/01"
"5462434681","1","9","1","40","2020/04/01"
"5462434681","1","10","1","15","2020/04/01"
"5462400213","1","1","1","58","2020/04/01"
"5462400213","1","2","1","79","2020/04/01"
"5462400213","1","3","1","126","2020/04/01"
"5462400213","1","4","1","38","2020/04/01"
"5462400213","1","5","1","64","2020/04/01"
"5462400213","1","6","1","86","2020/04/01"
"5462400213","1","7","1","95","2020/04/01"
"5462400213","1","8","1","15","2020/04/01"
"5462400213","1","9","1","63","2020/04/01"
"5462400213","1","10","1","22","2020/04/01"
"5462382242","0","1","1","121","2020/04/01"
"5462382242","0","2","1","9","2020/04/01"
"5462382242","0","3","1","38","2020/04/01"
"5462382242","0","4","1","126","2020/04/01"
"5462382242","0","5","1","66","2020/04/01"
"5462382242","0","6","1","112","2020/04/01"
"5462382242","0","7","1","32","2020/04/01"
"5462382242","0","8","1","98","2020/04/01"
"5462382242","0","9","1","80","2020/04/01"
"5462382242","0","10","1","65","2020/04/01"
"5462312823","0","1","1","7","2020/04/01"
"5462312823","0","2","1","110","2020/04/01"
"5462312823","0","3","1","95","2020/04/01"
"5462312823","0","4","1","65","2020/04/01"
"5462312823","0","5","1","75","2020/04/01"
"5462312823","0","6","1","84","2020/04/01"
"5462312823","0","7","1","104","2020/04/01"
"5462312823","0","8","1","48","2020/04/01"
"5462312823","0","9","1","45","2020/04/01"
"5462312823","0","10","1","77","2020/04/01"
"5462295735","1","1","1","64","2020/04/01"
"5462295735","1","2","1","106","2020/04/01"
"5462295735","1","3","1","121","2020/04/01"
"5462295735","1","4","1","51","2020/04/01"
"5462295735","1","5","1","66","2020/04/01"
"5462295735","1","6","1","99","2020/04/01"
"5462295735","1","7","1","36","2020/04/01"
"5462295735","1","8","1","41","2020/04/01"
"5462295735","1","9","1","25","2020/04/01"
"5462295735","1","10","1","42","2020/04/01"
"5462290550","1","1","1","39","2020/04/01"
"5462290550","1","2","1","106","2020/04/01"
"5462290550","1","3","1","3","2020/04/01"
"5462290550","1","4","1","126","2020/04/01"
"5462290550","1","5","1","121","2020/04/01"
"5462290550","1","6","1","51","2020/04/01"
"5462290550","1","7","1","77","2020/04/01"
"5462290550","1","8","1","29","2020/04/01"
"5462290550","1","9","1","4","2020/04/01"
"5462290550","1","10","1","23","2020/04/01"
"5462264442","1","1","1","126","2020/04/01"
"5462264442","1","2","1","110","2020/04/01"
"5462264442","1","3","1","108","2020/04/01"
"5462264442","1","4","1","5","2020/04/01"
"5462264442","1","5","1","58","2020/04/01"
"5462264442","1","6","1","70","2020/04/01"
"5462264442","1","7","1","32","2020/04/01"
"5462264442","1","8","1","7","2020/04/01"
"5462264442","1","9","1","22","2020/04/01"
"5462264442","1","10","1","78","2020/04/01"
"5462198886","1","1","1","7","2020/04/01"
"5462198886","1","2","1","110","2020/04/01"
"5462198886","1","3","1","88","2020/04/01"
"5462198886","1","4","1","38","2020/04/01"
"5462198886","1","5","1","48","2020/04/01"
"5462198886","1","6","1","20","2020/04/01"
"5462198886","1","7","1","55","2020/04/01"
"5462198886","1","8","1","10","2020/04/01"
"5462198886","1","9","1","11","2020/04/01"
"5462198886","1","10","1","80","2020/04/01"
"5462156374","1","1","1","7","2020/04/01"
"5462156374","1","2","1","110","2020/04/01"
"5462156374","1","3","1","49","2020/04/01"
"5462156374","1","4","1","128","2020/04/01"
"5462156374","1","5","1","86","2020/04/01"
"5462156374","1","6","1","126","2020/04/01"
"5462156374","1","7","1","41","2020/04/01"
"5462156374","1","8","1","40","2020/04/01"
"5462156374","1","9","1","67","2020/04/01"
"5462156374","1","10","1","74","2020/04/01"
"5462129542","0","1","1","106","2020/04/01"
"5462129542","0","2","1","83","2020/04/01"
"5462129542","0","3","1","48","2020/04/01"
"5462129542","0","4","1","90","2020/04/01"
"5462129542","0","5","1","119","2020/04/01"
"5462129542","0","6","1","86","2020/04/01"
"5462129542","0","7","1","62","2020/04/01"
"5462129542","0","8","1","12","2020/04/01"
"5462129542","0","9","1","129","2020/04/01"
"5462129542","0","10","1","11","2020/04/01"
"5462084216","1","1","1","101","2020/04/01"
"5462084216","1","2","1","3","2020/04/01"
"5462084216","1","3","1","22","2020/04/01"
"5462084216","1","4","1","30","2020/04/01"
"5462084216","1","5","1","2","2020/04/01"
"5462084216","1","6","1","8","2020/04/01"
"5462084216","1","7","1","42","2020/04/01"
"5462084216","1","8","1","29","2020/04/01"
"5462084216","1","9","1","74","2020/04/01"
"5462084216","1","10","1","73","2020/04/01"
"5462083530","0","1","1","30","2020/04/01"
"5462083530","0","2","1","121","2020/04/01"
"5462083530","0","3","1","39","2020/04/01"
"5462083530","0","4","1","80","2020/04/01"
"5462083530","0","5","1","100","2020/04/01"
"5462083530","0","6","1","128","2020/04/01"
"5462083530","0","7","1","35","2020/04/01"
"5462083530","0","8","1","51","2020/04/01"
"5462083530","0","9","1","19","2020/04/01"
"5462083530","0","10","1","70","2020/04/01"
"5462078535","0","1","1","86","2020/04/01"
"5462078535","0","2","1","49","2020/04/01"
"5462078535","0","3","1","121","2020/04/01"
"5462078535","0","4","1","129","2020/04/01"
"5462078535","0","5","1","3","2020/04/01"
"5462078535","0","6","1","30","2020/04/01"
"5462078535","0","7","1","32","2020/04/01"
"5462078535","0","8","1","47","2020/04/01"
"5462078535","0","9","1","67","2020/04/01"
"5462078535","0","10","1","10","2020/04/01"
"5462071642","1","1","1","53","2020/04/01"
"5462071642","1","2","1","111","2020/04/01"
"5462071642","1","3","1","120","2020/04/01"
"5462071642","1","4","1","121","2020/04/01"
"5462071642","1","5","1","42","2020/04/01"
"5462071642","1","6","1","19","2020/04/01"
"5462071642","1","7","1","33","2020/04/01"
"5462071642","1","8","1","4","2020/04/01"
"5462071642","1","9","1","46","2020/04/01"
"5462071642","1","10","1","59","2020/04/01"
"5462054985","0","1","1","38","2020/04/01"
"5462054985","0","2","1","98","2020/04/01"
"5462054985","0","3","1","58","2020/04/01"
"5462054985","0","4","1","121","2020/04/01"
"5462054985","0","5","1","86","2020/04/01"
"5462054985","0","6","1","112","2020/04/01"
"5462054985","0","7","1","74","2020/04/01"
"5462054985","0","8","1","114","2020/04/01"
"5462054985","0","9","1","17","2020/04/01"
"5462054985","0","10","1","73","2020/04/01"
"5462050993","1","1","1","90","2020/04/01"
"5462050993","1","2","1","86","2020/04/01"
"5462050993","1","3","1","3","2020/04/01"
"5462050993","1","4","1","110","2020/04/01"
"5462050993","1","5","1","104","2020/04/01"
"5462050993","1","6","1","129","2020/04/01"
"5462050993","1","7","1","46","2020/04/01"
"5462050993","1","8","1","95","2020/04/01"
"5462050993","1","9","1","15","2020/04/01"
"5462050993","1","10","1","93","2020/04/01"
"5462024437","0","1","1","121","2020/04/01"
"5462024437","0","2","1","31","2020/04/01"
"5462024437","0","3","1","95","2020/04/01"
"5462024437","0","4","1","39","2020/04/01"
"5462024437","0","5","1","25","2020/04/01"
"5462024437","0","6","1","86","2020/04/01"
"5462024437","0","7","1","32","2020/04/01"
"5462024437","0","8","1","108","2020/04/01"
"5462024437","0","9","1","48","2020/04/01"
"5462024437","0","10","1","23","2020/04/01"
"5462017071","1","1","1","83","2020/04/01"
"5462017071","1","2","1","78","2020/04/01"
"5462017071","1","3","1","88","2020/04/01"
"5462017071","1","4","1","1","2020/04/01"
"5462017071","1","5","1","22","2020/04/01"
"5462017071","1","6","1","10","2020/04/01"
"5462017071","1","7","1","36","2020/04/01"
"5462017071","1","8","1","126","2020/04/01"
"5462017071","1","9","1","93","2020/04/01"
"5462017071","1","10","1","13","2020/04/01"
"5462011339","0","1","1","9","2020/04/01"
"5462011339","0","2","1","68","2020/04/01"
"5462011339","0","3","1","29","2020/04/01"
"5462011339","0","4","1","38","2020/04/01"
"5462011339","0","5","1","86","2020/04/01"
"5462011339","0","6","1","87","2020/04/01"
"5462011339","0","7","1","114","2020/04/01"
"5462011339","0","8","1","70","2020/04/01"
"5462011339","0","9","1","76","2020/04/01"
"5462011339","0","10","1","17","2020/04/01"
"5461993967","1","1","1","53","2020/04/01"
"5461993967","1","2","1","111","2020/04/01"
"5461993967","1","3","1","7","2020/04/01"
"5461993967","1","4","1","86","2020/04/01"
"5461993967","1","5","1","42","2020/04/01"
"5461993967","1","6","1","121","2020/04/01"
"5461993967","1","7","1","38","2020/04/01"
"5461993967","1","8","1","106","2020/04/01"
"5461993967","1","9","1","12","2020/04/01"
"5461993967","1","10","1","52","2020/04/01"
"5485216602","1","1","1","7","2020/04/01"
"5485216602","1","2","1","53","2020/04/01"
"5485216602","1","3","1","126","2020/04/01"
"5485216602","1","4","1","120","2020/04/01"
"5485216602","1","5","1","69","2020/04/01"
"5485216602","1","6","1","101","2020/04/01"
"5485216602","1","7","1","30","2020/04/01"
"5485216602","1","8","1","114","2020/04/01"
"5485216602","1","9","1","97","2020/04/01"
"5485216602","1","10","1","95","2020/04/01"
"5485161168","1","1","1","66","2020/04/01"
"5485161168","1","2","1","56","2020/04/01"
"5485161168","1","3","1","126","2020/04/01"
"5485161168","1","4","1","120","2020/04/01"
"5485161168","1","5","1","53","2020/04/01"
"5485161168","1","6","1","100","2020/04/01"
"5485161168","1","7","1","4","2020/04/01"
"5485161168","1","8","1","95","2020/04/01"
"5485161168","1","9","1","13","2020/04/01"
"5485161168","1","10","1","46","2020/04/01"
"5485131183","0","1","1","38","2020/04/01"
"5485131183","0","2","1","126","2020/04/01"
"5485131183","0","3","1","63","2020/04/01"
"5485131183","0","4","1","33","2020/04/01"
"5485131183","0","5","1","120","2020/04/01"
"5485131183","0","6","1","27","2020/04/01"
"5485131183","0","7","1","77","2020/04/01"
"5485131183","0","8","1","19","2020/04/01"
"5485131183","0","9","1","114","2020/04/01"
"5485131183","0","10","1","65","2020/04/01"
"5485071225","1","1","1","79","2020/04/01"
"5485071225","1","2","1","64","2020/04/01"
"5485071225","1","3","1","100","2020/04/01"
"5485071225","1","4","1","56","2020/04/01"
"5485071225","1","5","1","69","2020/04/01"
"5485071225","1","6","1","86","2020/04/01"
"5485071225","1","7","1","106","2020/04/01"
"5485071225","1","8","1","70","2020/04/01"
"5485071225","1","9","1","104","2020/04/01"
"5485071225","1","10","1","76","2020/04/01"
"5485030885","0","1","1","9","2020/04/01"
"5485030885","0","2","1","49","2020/04/01"
"5485030885","0","3","1","121","2020/04/01"
"5485030885","0","4","1","85","2020/04/01"
"5485030885","0","5","1","3","2020/04/01"
"5485030885","0","6","1","129","2020/04/01"
"5485030885","0","7","1","32","2020/04/01"
"5485030885","0","8","1","67","2020/04/01"
"5485030885","0","9","1","65","2020/04/01"
"5485030885","0","10","1","17","2020/04/01"
"5485028534","0","1","1","84","2020/04/01"
"5485028534","0","2","1","77","2020/04/01"
"5485028534","0","3","1","121","2020/04/01"
"5485028534","0","4","1","30","2020/04/01"
"5485028534","0","5","1","31","2020/04/01"
"5485028534","0","6","1","38","2020/04/01"
"5485028534","0","7","1","56","2020/04/01"
"5485028534","0","8","1","107","2020/04/01"
"5485028534","0","9","1","67","2020/04/01"
"5485028534","0","10","1","61","2020/04/01"
"5485020224","1","1","1","53","2020/04/01"
"5485020224","1","2","1","27","2020/04/01"
"5485020224","1","3","1","121","2020/04/01"
"5485020224","1","4","1","128","2020/04/01"
"5485020224","1","5","1","2","2020/04/01"
"5485020224","1","6","1","39","2020/04/01"
"5485020224","1","7","1","70","2020/04/01"
"5485020224","1","8","1","95","2020/04/01"
"5485020224","1","9","1","58","2020/04/01"
"5485020224","1","10","1","35","2020/04/01"
"5484996497","0","1","1","121","2020/04/01"
"5484996497","0","2","1","84","2020/04/01"
"5484996497","0","3","1","53","2020/04/01"
"5484996497","0","4","1","128","2020/04/01"
"5484996497","0","5","1","14","2020/04/01"
"5484996497","0","6","1","23","2020/04/01"
"5484996497","0","7","1","28","2020/04/01"
"5484996497","0","8","1","104","2020/04/01"
"5484996497","0","9","1","109","2020/04/01"
"5484996497","0","10","1","32","2020/04/01"
"5484976643","1","1","1","58","2020/04/01"
"5484976643","1","2","1","90","2020/04/01"
"5484976643","1","3","1","106","2020/04/01"
"5484976643","1","4","1","7","2020/04/01"
"5484976643","1","5","1","51","2020/04/01"
"5484976643","1","6","1","2","2020/04/01"
"5484976643","1","7","1","65","2020/04/01"
"5484976643","1","8","1","93","2020/04/01"
"5484976643","1","9","1","17","2020/04/01"
"5484976643","1","10","1","46","2020/04/01"
"5484923397","1","1","1","53","2020/04/01"
"5484923397","1","2","1","64","2020/04/01"
"5484923397","1","3","1","71","2020/04/01"
"5484923397","1","4","1","90","2020/04/01"
"5484923397","1","5","1","23","2020/04/01"
"5484923397","1","6","1","98","2020/04/01"
"5484923397","1","7","1","41","2020/04/01"
"5484923397","1","8","1","79","2020/04/01"
"5484923397","1","9","1","67","2020/04/01"
"5484923397","1","10","1","36","2020/04/01"
"5484894636","1","1","1","107","2020/04/01"
"5484894636","1","2","1","38","2020/04/01"
"5484894636","1","3","1","83","2020/04/01"
"5484894636","1","4","1","66","2020/04/01"
"5484894636","1","5","1","5","2020/04/01"
"5484894636","1","6","1","10","2020/04/01"
"5484894636","1","7","1","6","2020/04/01"
"5484894636","1","8","1","96","2020/04/01"
"5484894636","1","9","1","39","2020/04/01"
"5484894636","1","10","1","82","2020/04/01"
"5484875540","0","1","1","2","2020/04/01"
"5484875540","0","2","1","3","2020/04/01"
"5484875540","0","3","1","92","2020/04/01"
"5484875540","0","4","1","50","2020/04/01"
"5484875540","0","5","1","53","2020/04/01"
"5484875540","0","6","1","7","2020/04/01"
"5484875540","0","7","1","100","2020/04/01"
"5484875540","0","8","1","48","2020/04/01"
"5484875540","0","9","1","72","2020/04/01"
"5484875540","0","10","1","70","2020/04/01"
"5484865604","0","1","1","68","2020/04/01"
"5484865604","0","2","1","100","2020/04/01"
"5484865604","0","3","1","87","2020/04/01"
"5484865604","0","4","1","79","2020/04/01"
"5484865604","0","5","1","96","2020/04/01"
"5484865604","0","6","1","28","2020/04/01"
"5484865604","0","7","1","54","2020/04/01"
"5484865604","0","8","1","93","2020/04/01"
"5484865604","0","9","1","39","2020/04/01"
"5484865604","0","10","1","106","2020/04/01"
"5484854968","0","1","1","38","2020/04/01"
"5484854968","0","2","1","129","2020/04/01"
"5484854968","0","3","1","66","2020/04/01"
"5484854968","0","4","1","121","2020/04/01"
"5484854968","0","5","1","100","2020/04/01"
"5484854968","0","6","1","63","2020/04/01"
"5484854968","0","7","1","49","2020/04/01"
"5484854968","0","8","1","70","2020/04/01"
"5484854968","0","9","1","106","2020/04/01"
"5484854968","0","10","1","10","2020/04/01"
"5484849148","0","1","1","53","2020/04/01"
"5484849148","0","2","1","23","2020/04/01"
"5484849148","0","3","1","20","2020/04/01"
"5484849148","0","4","1","7","2020/04/01"
"5484849148","0","5","1","51","2020/04/01"
"5484849148","0","6","1","112","2020/04/01"
"5484849148","0","7","1","10","2020/04/01"
"5484849148","0","8","1","12","2020/04/01"
"5484849148","0","9","1","65","2020/04/01"
"5484849148","0","10","1","55","2020/04/01"
"5484840357","1","1","1","45","2020/04/01"
"5484840357","1","2","1","128","2020/04/01"
"5484840357","1","3","1","39","2020/04/01"
"5484840357","1","4","1","83","2020/04/01"
"5484840357","1","5","1","20","2020/04/01"
"5484840357","1","6","1","19","2020/04/01"
"5484840357","1","7","1","16","2020/04/01"
"5484840357","1","8","1","56","2020/04/01"
"5484840357","1","9","1","126","2020/04/01"
"5484840357","1","10","1","12","2020/04/01"
"5484835394","0","1","1","90","2020/04/01"
"5484835394","0","2","1","119","2020/04/01"
"5484835394","0","3","1","129","2020/04/01"
"5484835394","0","4","1","36","2020/04/01"
"5484835394","0","5","1","79","2020/04/01"
"5484835394","0","6","1","70","2020/04/01"
"5484835394","0","7","1","95","2020/04/01"
"5484835394","0","8","1","120","2020/04/01"
"5484835394","0","9","1","22","2020/04/01"
"5484835394","0","10","1","45","2020/04/01"
"5484766420","1","1","1","53","2020/04/01"
"5484766420","1","2","1","20","2020/04/01"
"5484766420","1","3","1","120","2020/04/01"
"5484766420","1","4","1","79","2020/04/01"
"5484766420","1","5","1","66","2020/04/01"
"5484766420","1","6","1","112","2020/04/01"
"5484766420","1","7","1","67","2020/04/01"
"5484766420","1","8","1","98","2020/04/01"
"5484766420","1","9","1","47","2020/04/01"
"5484766420","1","10","1","65","2020/04/01"
"5484752718","0","1","1","100","2020/04/01"
"5484752718","0","2","1","9","2020/04/01"
"5484752718","0","3","1","129","2020/04/01"
"5484752718","0","4","1","120","2020/04/01"
"5484752718","0","5","1","13","2020/04/01"
"5484752718","0","6","1","3","2020/04/01"
"5484752718","0","7","1","119","2020/04/01"
"5484752718","0","8","1","46","2020/04/01"
"5484752718","0","9","1","70","2020/04/01"
"5484752718","0","10","1","59","2020/04/01"
"5484738114","0","1","1","3","2020/04/01"
"5484738114","0","2","1","107","2020/04/01"
"5484738114","0","3","1","13","2020/04/01"
"5484738114","0","4","1","9","2020/04/01"
"5484738114","0","5","1","65","2020/04/01"
"5484738114","0","6","1","102","2020/04/01"
"5484738114","0","7","1","12","2020/04/01"
"5484738114","0","8","1","8","2020/04/01"
"5484738114","0","9","1","16","2020/04/01"
"5484738114","0","10","1","100","2020/04/01"
"5484686995","0","1","1","58","2020/04/01"
"5484686995","0","2","1","9","2020/04/01"
"5484686995","0","3","1","84","2020/04/01"
"5484686995","0","4","1","83","2020/04/01"
"5484686995","0","5","1","106","2020/04/01"
"5484686995","0","6","1","20","2020/04/01"
"5484686995","0","7","1","65","2020/04/01"
"5484686995","0","8","1","6","2020/04/01"
"5484686995","0","9","1","39","2020/04/01"
"5484686995","0","10","1","61","2020/04/01"
"5484678354","0","1","1","121","2020/04/01"
"5484678354","0","2","1","20","2020/04/01"
"5484678354","0","3","1","96","2020/04/01"
"5484678354","0","4","1","53","2020/04/01"
"5484678354","0","5","1","6","2020/04/01"
"5484678354","0","6","1","12","2020/04/01"
"5484678354","0","7","1","7","2020/04/01"
"5484678354","0","8","1","49","2020/04/01"
"5484678354","0","9","1","31","2020/04/01"
"5484678354","0","10","1","85","2020/04/01"
"5484675172","0","1","1","53","2020/04/01"
"5484675172","0","2","1","106","2020/04/01"
"5484675172","0","3","1","58","2020/04/01"
"5484675172","0","4","1","20","2020/04/01"
"5484675172","0","5","1","2","2020/04/01"
"5484675172","0","6","1","101","2020/04/01"
"5484675172","0","7","1","51","2020/04/01"
"5484675172","0","8","1","104","2020/04/01"
"5484675172","0","9","1","73","2020/04/01"
"5484675172","0","10","1","109","2020/04/01"
"5484657041","1","1","1","7","2020/04/01"
"5484657041","1","2","1","13","2020/04/01"
"5484657041","1","3","1","128","2020/04/01"
"5484657041","1","4","1","10","2020/04/01"
"5484657041","1","5","1","51","2020/04/01"
"5484657041","1","6","1","53","2020/04/01"
"5484657041","1","7","1","41","2020/04/01"
"5484657041","1","8","1","45","2020/04/01"
"5484657041","1","9","1","92","2020/04/01"
"5484657041","1","10","1","59","2020/04/01"
"5484634320","0","1","1","39","2020/04/01"
"5484634320","0","2","1","88","2020/04/01"
"5484634320","0","3","1","53","2020/04/01"
"5484634320","0","4","1","51","2020/04/01"
"5484634320","0","5","1","31","2020/04/01"
"5484634320","0","6","1","86","2020/04/01"
"5484634320","0","7","1","95","2020/04/01"
"5484634320","0","8","1","40","2020/04/01"
"5484634320","0","9","1","89","2020/04/01"
"5484634320","0","10","1","36","2020/04/01"
"5484627495","0","1","1","98","2020/04/01"
"5484627495","0","2","1","3","2020/04/01"
"5484627495","0","3","1","36","2020/04/01"
"5484627495","0","4","1","45","2020/04/01"
"5484627495","0","5","1","120","2020/04/01"
"5484627495","0","6","1","20","2020/04/01"
"5484627495","0","7","1","1","2020/04/01"
"5484627495","0","8","1","48","2020/04/01"
"5484627495","0","9","1","107","2020/04/01"
"5484627495","0","10","1","17","2020/04/01"
"5484610128","0","1","1","58","2020/04/01"
"5484610128","0","2","1","48","2020/04/01"
"5484610128","0","3","1","30","2020/04/01"
"5484610128","0","4","1","120","2020/04/01"
"5484610128","0","5","1","7","2020/04/01"
"5484610128","0","6","1","51","2020/04/01"
"5484610128","0","7","1","65","2020/04/01"
"5484610128","0","8","1","92","2020/04/01"
"5484610128","0","9","1","102","2020/04/01"
"5484610128","0","10","1","17","2020/04/01"
"5484575191","0","1","1","106","2020/04/01"
"5484575191","0","2","1","104","2020/04/01"
"5484575191","0","3","1","121","2020/04/01"
"5484575191","0","4","1","90","2020/04/01"
"5484575191","0","5","1","119","2020/04/01"
"5484575191","0","6","1","7","2020/04/01"
"5484575191","0","7","1","54","2020/04/01"
"5484575191","0","8","1","10","2020/04/01"
"5484575191","0","9","1","102","2020/04/01"
"5484575191","0","10","1","126","2020/04/01"
"5484559704","1","1","1","106","2020/04/01"
"5484559704","1","2","1","5","2020/04/01"
"5484559704","1","3","1","13","2020/04/01"
"5484559704","1","4","1","90","2020/04/01"
"5484559704","1","5","1","77","2020/04/01"
"5484559704","1","6","1","120","2020/04/01"
"5484559704","1","7","1","51","2020/04/01"
"5484559704","1","8","1","50","2020/04/01"
"5484559704","1","9","1","23","2020/04/01"
"5484559704","1","10","1","39","2020/04/01"
"5484557406","1","1","1","7","2020/04/01"
"5484557406","1","2","1","110","2020/04/01"
"5484557406","1","3","1","51","2020/04/01"
"5484557406","1","4","1","53","2020/04/01"
"5484557406","1","5","1","31","2020/04/01"
"5484557406","1","6","1","77","2020/04/01"
"5484557406","1","7","1","1","2020/04/01"
"5484557406","1","8","1","46","2020/04/01"
"5484557406","1","9","1","87","2020/04/01"
"5484557406","1","10","1","47","2020/04/01"
"5484540696","1","1","1","83","2020/04/01"
"5484540696","1","2","1","39","2020/04/01"
"5484540696","1","3","1","121","2020/04/01"
"5484540696","1","4","1","129","2020/04/01"
"5484540696","1","5","1","120","2020/04/01"
"5484540696","1","6","1","87","2020/04/01"
"5484540696","1","7","1","32","2020/04/01"
"5484540696","1","8","1","1","2020/04/01"
"5484540696","1","9","1","49","2020/04/01"
"5484540696","1","10","1","28","2020/04/01"
"5484510029","1","1","1","110","2020/04/01"
"5484510029","1","2","1","129","2020/04/01"
"5484510029","1","3","1","9","2020/04/01"
"5484510029","1","4","1","38","2020/04/01"
"5484510029","1","5","1","70","2020/04/01"
"5484510029","1","6","1","87","2020/04/01"
"5484510029","1","7","1","64","2020/04/01"
"5484510029","1","8","1","77","2020/04/01"
"5484510029","1","9","1","39","2020/04/01"
"5484510029","1","10","1","13","2020/04/01"
"5484505065","0","1","1","112","2020/04/01"
"5484505065","0","2","1","106","2020/04/01"
"5484505065","0","3","1","39","2020/04/01"
"5484505065","0","4","1","13","2020/04/01"
"5484505065","0","5","1","126","2020/04/01"
"5484505065","0","6","1","88","2020/04/01"
"5484505065","0","7","1","3","2020/04/01"
"5484505065","0","8","1","1","2020/04/01"
"5484505065","0","9","1","36","2020/04/01"
"5484505065","0","10","1","48","2020/04/01"
"5484504420","0","1","1","106","2020/04/01"
"5484504420","0","2","1","31","2020/04/01"
"5484504420","0","3","1","100","2020/04/01"
"5484504420","0","4","1","9","2020/04/01"
"5484504420","0","5","1","126","2020/04/01"
"5484504420","0","6","1","3","2020/04/01"
"5484504420","0","7","1","54","2020/04/01"
"5484504420","0","8","1","28","2020/04/01"
"5484504420","0","9","1","70","2020/04/01"
"5484504420","0","10","1","19","2020/04/01"
"5484492592","0","1","1","9","2020/04/01"
"5484492592","0","2","1","39","2020/04/01"
"5484492592","0","3","1","100","2020/04/01"
"5484492592","0","4","1","77","2020/04/01"
"5484492592","0","5","1","78","2020/04/01"
"5484492592","0","6","1","31","2020/04/01"
"5484492592","0","7","1","37","2020/04/01"
"5484492592","0","8","1","10","2020/04/01"
"5484492592","0","9","1","99","2020/04/01"
"5484492592","0","10","1","89","2020/04/01"
"5484491999","1","1","1","53","2020/04/01"
"5484491999","1","2","1","23","2020/04/01"
"5484491999","1","3","1","39","2020/04/01"
"5484491999","1","4","1","102","2020/04/01"
"5484491999","1","5","1","121","2020/04/01"
"5484491999","1","6","1","86","2020/04/01"
"5484491999","1","7","1","51","2020/04/01"
"5484491999","1","8","1","49","2020/04/01"
"5484491999","1","9","1","16","2020/04/01"
"5484491999","1","10","1","1","2020/04/01"
"5484449542","1","1","1","110","2020/04/01"
"5484449542","1","2","1","129","2020/04/01"
"5484449542","1","3","1","9","2020/04/01"
"5484449542","1","4","1","83","2020/04/01"
"5484449542","1","5","1","3","2020/04/01"
"5484449542","1","6","1","67","2020/04/01"
"5484449542","1","7","1","29","2020/04/01"
"5484449542","1","8","1","126","2020/04/01"
"5484449542","1","9","1","43","2020/04/01"
"5484449542","1","10","1","1","2020/04/01"
"5484445410","1","1","1","7","2020/04/01"
"5484445410","1","2","1","65","2020/04/01"
"5484445410","1","3","1","3","2020/04/01"
"5484445410","1","4","1","39","2020/04/01"
"5484445410","1","5","1","32","2020/04/01"
"5484445410","1","6","1","90","2020/04/01"
"5484445410","1","7","1","106","2020/04/01"
"5484445410","1","8","1","12","2020/04/01"
"5484445410","1","9","1","104","2020/04/01"
"5484445410","1","10","1","70","2020/04/01"
"5484443909","0","1","1","56","2020/04/01"
"5484443909","0","2","1","84","2020/04/01"
"5484443909","0","3","1","9","2020/04/01"
"5484443909","0","4","1","78","2020/04/01"
"5484443909","0","5","1","129","2020/04/01"
"5484443909","0","6","1","83","2020/04/01"
"5484443909","0","7","1","53","2020/04/01"
"5484443909","0","8","1","67","2020/04/01"
"5484443909","0","9","1","36","2020/04/01"
"5484443909","0","10","1","44","2020/04/01"
"5484388160","1","1","1","50","2020/04/01"
"5484388160","1","2","1","43","2020/04/01"
"5484388160","1","3","1","27","2020/04/01"
"5484388160","1","4","1","120","2020/04/01"
"5484388160","1","5","1","77","2020/04/01"
"5484388160","1","6","1","66","2020/04/01"
"5484388160","1","7","1","53","2020/04/01"
"5484388160","1","8","1","48","2020/04/01"
"5484388160","1","9","1","20","2020/04/01"
"5484388160","1","10","1","45","2020/04/01"
"5484378911","1","1","1","49","2020/04/01"
"5484378911","1","2","1","58","2020/04/01"
"5484378911","1","3","1","86","2020/04/01"
"5484378911","1","4","1","56","2020/04/01"
"5484378911","1","5","1","70","2020/04/01"
"5484378911","1","6","1","39","2020/04/01"
"5484378911","1","7","1","13","2020/04/01"
"5484378911","1","8","1","3","2020/04/01"
"5484378911","1","9","1","67","2020/04/01"
"5484378911","1","10","1","29","2020/04/01"
"5484376749","0","1","1","58","2020/04/01"
"5484376749","0","2","1","39","2020/04/01"
"5484376749","0","3","1","83","2020/04/01"
"5484376749","0","4","1","47","2020/04/01"
"5484376749","0","5","1","120","2020/04/01"
"5484376749","0","6","1","101","2020/04/01"
"5484376749","0","7","1","77","2020/04/01"
"5484376749","0","8","1","23","2020/04/01"
"5484376749","0","9","1","48","2020/04/01"
"5484376749","0","10","1","43","2020/04/01"
"5484361490","0","1","1","38","2020/04/01"
"5484361490","0","2","1","58","2020/04/01"
"5484361490","0","3","1","56","2020/04/01"
"5484361490","0","4","1","27","2020/04/01"
"5484361490","0","5","1","104","2020/04/01"
"5484361490","0","6","1","45","2020/04/01"
"5484361490","0","7","1","86","2020/04/01"
"5484361490","0","8","1","46","2020/04/01"
"5484361490","0","9","1","95","2020/04/01"
"5484361490","0","10","1","25","2020/04/01"
"5484341791","0","1","1","9","2020/04/01"
"5484341791","0","2","1","10","2020/04/01"
"5484341791","0","3","1","7","2020/04/01"
"5484341791","0","4","1","38","2020/04/01"
"5484341791","0","5","1","100","2020/04/01"
"5484341791","0","6","1","84","2020/04/01"
"5484341791","0","7","1","20","2020/04/01"
"5484341791","0","8","1","95","2020/04/01"
"5484341791","0","9","1","36","2020/04/01"
"5484341791","0","10","1","92","2020/04/01"
"5484336649","1","1","1","121","2020/04/01"
"5484336649","1","2","1","110","2020/04/01"
"5484336649","1","3","1","120","2020/04/01"
"5484336649","1","4","1","56","2020/04/01"
"5484336649","1","5","1","3","2020/04/01"
"5484336649","1","6","1","106","2020/04/01"
"5484336649","1","7","1","10","2020/04/01"
"5484336649","1","8","1","70","2020/04/01"
"5484336649","1","9","1","39","2020/04/01"
"5484336649","1","10","1","74","2020/04/01"
"5484323422","0","1","1","126","2020/04/01"
"5484323422","0","2","1","13","2020/04/01"
"5484323422","0","3","1","88","2020/04/01"
"5484323422","0","4","1","128","2020/04/01"
"5484323422","0","5","1","87","2020/04/01"
"5484323422","0","6","1","129","2020/04/01"
"5484323422","0","7","1","70","2020/04/01"
"5484323422","0","8","1","110","2020/04/01"
"5484323422","0","9","1","10","2020/04/01"
"5484323422","0","10","1","39","2020/04/01"
"5484296382","1","1","1","65","2020/04/01"
"5484296382","1","2","1","104","2020/04/01"
"5484296382","1","3","1","9","2020/04/01"
"5484296382","1","4","1","20","2020/04/01"
"5484296382","1","5","1","84","2020/04/01"
"5484296382","1","6","1","36","2020/04/01"
"5484296382","1","7","1","48","2020/04/01"
"5484296382","1","8","1","51","2020/04/01"
"5484296382","1","9","1","53","2020/04/01"
"5484296382","1","10","1","39","2020/04/01"
"5484296029","1","1","1","53","2020/04/01"
"5484296029","1","2","1","83","2020/04/01"
"5484296029","1","3","1","49","2020/04/01"
"5484296029","1","4","1","100","2020/04/01"
"5484296029","1","5","1","9","2020/04/01"
"5484296029","1","6","1","90","2020/04/01"
"5484296029","1","7","1","120","2020/04/01"
"5484296029","1","8","1","106","2020/04/01"
"5484296029","1","9","1","67","2020/04/01"
"5484296029","1","10","1","114","2020/04/01"
"5484292313","0","1","1","84","2020/04/01"
"5484292313","0","2","1","27","2020/04/01"
"5484292313","0","3","1","77","2020/04/01"
"5484292313","0","4","1","96","2020/04/01"
"5484292313","0","5","1","5","2020/04/01"
"5484292313","0","6","1","86","2020/04/01"
"5484292313","0","7","1","78","2020/04/01"
"5484292313","0","8","1","70","2020/04/01"
"5484292313","0","9","1","74","2020/04/01"
"5484292313","0","10","1","17","2020/04/01"
"5484263848","1","1","1","53","2020/04/01"
"5484263848","1","2","1","58","2020/04/01"
"5484263848","1","3","1","107","2020/04/01"
"5484263848","1","4","1","79","2020/04/01"
"5484263848","1","5","1","8","2020/04/01"
"5484263848","1","6","1","84","2020/04/01"
"5484263848","1","7","1","52","2020/04/01"
"5484263848","1","8","1","104","2020/04/01"
"5484263848","1","9","1","46","2020/04/01"
"5484263848","1","10","1","80","2020/04/01"
\N,\N,\N,\N,\N,"2020/04/01"
\N,\N,\N,\N,\N,"2020/04/01"
